x,y,seq,shape
6.0200667,0.0,1,0
40.1,8.3,2,0
52.2,5.2,3,0
64.2,13.6,4,0
88.3,21.9,5,0
120.4,24.8,6,0
124.9,36.2,7,0
160.5,70.1,8,0
188.6,87.7,9,0
216.7,98.8,10,0
252.8,121.7,11,0
252.8,124.6,12,0
798.66223,636.0914,1,2
822.7,646.7,2,2
834.8,647.1,3,2
862.9,663.1,4,2
1065.0502,614.9005,1,4
1066.8,631.0,2,4
1083.6,639.0,3,4
1091.6,636.3,4,4
1097.4,627.0,5,4
1113.9,578.7,6,4
1115.7,514.4,7,4
1122.0,462.2,8,4
1143.8,432.0,9,4
1151.8,396.5,10,4
1157.1,389.8,11,4
1155.4,373.8,12,4
1163.4,353.7,13,4
1200.0,329.6,14,4
0.0,229.08058,1,6
64.2,244.2,2,6
76.3,253.2,3,6
80.3,261.2,4,6
100.3,267.3,5,6
116.4,277.3,6,6
0.0,355.67773,1,8
3.8,389.8,2,8
3.5,401.9,3,8
0.0,407.4,4,8
0.0,295.39337,1,10
3.0,301.4,2,10
0.0,327.5,3,10
425.4,783.7,1,12
413.4,817.1,2,12
377.3,848.0,3,12
269.39798,0.0,1,14
276.9,4.4,2,14
293.0,6.0,3,14
311.8,0.0,4,14
0.0,102.48341,1,16
16.1,96.5,2,16
16.1,92.4,3,16
24.1,88.4,4,16
56.2,86.4,5,16
76.3,88.4,6,16
88.3,96.5,7,16
144.5,114.5,8,16
182.6,132.6,9,16
200.7,136.6,10,16
293.0,184.9,11,16
321.1,196.9,12,16
341.1,200.9,13,16
345.2,206.3,14,16
361.2,209.0,15,16
381.3,218.6,16,16
393.3,228.1,17,16
445.5,255.2,18,16
461.5,275.3,19,16
477.6,285.3,20,16
473.6,289.4,21,16
477.6,285.3,22,16
478.9,289.4,23,16
477.6,293.4,24,16
473.6,289.4,25,16
457.5,289.4,26,16
393.3,250.8,27,16
369.2,245.2,28,16
353.2,246.5,29,16
337.1,240.5,30,16
256.9,226.7,31,16
212.7,215.4,32,16
188.6,221.8,33,16
168.6,215.0,34,16
116.4,217.8,35,16
104.3,214.3,36,16
40.1,214.5,37,16
0.0,209.0,38,16
0.0,30.142172,1,18
12.0,38.2,2,18
36.1,41.2,3,18
96.3,59.9,4,18
128.4,82.4,5,18
208.7,121.6,6,18
248.8,146.1,7,18
317.1,175.7,8,18
371.2,192.9,9,18
445.5,234.8,10,18
509.7,278.0,11,18
520.7,289.4,12,18
541.8,295.4,13,18
569.9,311.5,14,18
614.0,327.9,15,18
648.2,357.7,16,18
662.9,365.7,17,18
682.3,384.8,18,18
682.9,389.8,19,18
662.2,391.3,20,18
638.1,380.3,21,18
610.0,387.0,22,18
586.0,375.5,23,18
565.9,372.3,24,18
506.7,337.6,25,18
489.6,334.8,26,18
477.6,328.3,27,18
429.4,291.6,28,18
385.3,265.6,29,18
252.8,247.5,30,18
216.7,238.4,31,18
188.6,241.6,32,18
168.6,239.1,33,18
140.5,246.7,34,18
124.4,245.7,35,18
104.3,239.6,36,18
92.7,229.1,37,18
0.0,219.3,38,18
551.6165,526.48346,1,20
552.5,542.6,2,20
565.9,558.6,3,20
1181.9,0.0,1,22
1178.9,36.2,2,22
1182.6,60.3,3,22
1179.1,84.4,4,22
1183.9,92.4,5,22
1200.0,84.4,6,22
0.0,123.58293,1,24
40.1,121.2,2,24
72.2,123.9,3,24
172.6,149.1,4,24
188.6,159.6,5,24
212.7,166.8,6,24
236.8,182.9,7,24
244.8,184.2,8,24
250.8,192.9,9,24
244.8,194.9,10,24
236.8,190.9,11,24
224.7,196.3,12,24
188.6,186.9,13,24
180.6,189.4,14,24
164.5,184.2,15,24
144.5,184.2,16,24
64.2,200.3,17,24
32.1,195.7,18,24
0.0,196.3,19,24
0.0,9.377567,1,26
20.1,17.4,2,26
52.2,23.1,3,26
108.4,40.2,4,26
127.4,60.3,5,26
164.5,85.9,6,26
192.6,101.8,7,26
211.7,108.5,8,26
264.1,140.7,9,26
305.0,159.8,10,26
357.2,173.4,11,26
392.3,188.9,12,26
433.4,217.0,13,26
503.0,257.2,14,26
528.4,269.3,15,26
549.8,274.9,16,26
577.9,293.4,17,26
622.1,310.8,18,26
674.2,354.2,19,26
716.8,373.8,20,26
722.4,385.8,21,26
718.4,389.8,22,26
718.4,397.9,23,26
727.4,418.0,24,26
730.4,434.0,25,26
726.4,436.7,26,26
714.4,426.0,27,26
694.3,418.0,28,26
650.2,409.9,29,26
630.1,414.0,30,26
618.1,404.2,31,26
602.0,399.7,32,26
586.8,385.8,33,26
573.9,386.2,34,26
513.7,358.7,35,26
489.6,352.1,36,26
457.5,333.0,37,26
425.4,302.9,38,26
401.3,286.4,39,26
381.3,277.6,40,26
365.2,278.0,41,26
353.2,271.9,42,26
321.1,267.3,43,26
248.8,264.7,44,26
220.7,256.6,45,26
204.7,261.2,46,26
196.7,269.3,47,26
188.6,267.9,48,26
156.5,278.9,49,26
128.4,280.5,50,26
120.4,278.1,51,26
0.0,251.18483,1,28
16.1,255.2,2,28
20.1,263.2,3,28
28.1,266.3,4,28
52.2,287.4,5,28
75.8,317.5,6,28
84.3,322.5,7,28
96.3,298.4,8,28
104.3,294.1,9,28
160.5,299.4,10,28
192.6,295.9,11,28
208.7,304.4,12,28
220.7,291.4,13,28
220.2,285.3,14,28
224.7,278.3,15,28
232.8,276.1,16,28
345.2,278.4,17,28
361.2,287.7,18,28
373.2,284.5,19,28
393.3,290.9,20,28
426.2,313.5,21,28
443.5,337.6,22,28
477.6,359.4,23,28
517.7,370.5,24,28
553.8,387.8,25,28
590.0,398.1,26,28
602.0,411.4,27,28
614.0,417.6,28,28
626.1,432.0,29,28
658.2,429.2,30,28
694.3,435.7,31,28
718.4,449.8,32,28
734.4,465.7,33,28
754.0,458.2,34,28
742.8,418.0,35,28
743.5,414.0,36,28
753.8,409.9,37,28
754.2,405.9,38,28
733.7,373.8,39,28
727.9,357.7,40,28
710.4,357.5,41,28
690.3,350.6,42,28
642.4,309.5,43,28
577.9,276.1,44,28
558.5,257.2,45,28
557.2,241.1,46,28
553.8,236.4,47,28
541.8,255.8,48,28
525.8,252.9,49,28
497.7,240.8,50,28
481.6,226.8,51,28
457.5,220.3,52,28
413.7,188.9,53,28
385.3,173.5,54,28
333.1,153.6,55,28
289.0,141.7,56,28
256.9,124.8,57,28
0.0,431.0332,1,30
12.0,435.4,2,30
18.7,430.0,3,30
14.7,357.7,4,30
20.1,341.6,5,30
32.1,328.2,6,30
44.1,326.9,7,30
52.2,330.9,8,30
70.2,353.7,9,30
84.3,359.7,10,30
104.3,381.8,11,30
108.4,382.6,12,30
114.8,373.8,13,30
116.4,349.6,14,30
113.0,321.5,15,30
120.4,309.5,16,30
124.4,308.5,17,30
152.5,315.7,18,30
180.6,316.5,19,30
194.6,345.6,20,30
232.8,364.4,21,30
238.8,361.7,22,30
241.6,353.7,23,30
236.8,321.5,24,30
239.2,297.4,25,30
244.0,289.4,26,30
264.9,285.0,27,30
321.1,285.0,28,30
345.2,292.6,29,30
361.2,307.9,30,30
373.2,297.4,31,30
405.4,308.5,32,30
428.5,325.5,33,30
433.4,341.6,34,30
497.7,382.8,35,30
505.7,377.1,36,30
513.7,376.6,37,30
541.8,393.1,38,30
581.9,405.9,39,30
602.0,426.0,40,30
603.2,446.1,41,30
610.0,453.6,42,30
622.1,449.6,43,30
678.3,444.6,44,30
714.4,466.2,45,30
738.5,488.0,46,30
750.5,481.6,47,30
774.6,484.7,48,30
777.0,482.3,49,30
759.9,430.0,50,30
770.6,423.0,51,30
773.2,414.0,52,30
744.5,365.7,53,30
738.5,340.3,54,30
714.4,346.6,55,30
695.3,341.6,56,30
670.2,322.5,57,30
654.2,303.7,58,30
594.0,268.7,59,30
581.9,255.2,60,30
569.4,229.1,61,30
577.9,217.8,62,30
590.0,217.0,63,30
22.742462,711.35547,1,32
28.1,723.4,2,32
46.2,731.5,3,32
61.8,787.7,4,32
60.2,807.8,5,32
53.5,823.9,6,32
40.1,848.0,7,32
36.1,848.0,8,32
0.0,767.62085,1,34
8.0,767.6,2,34
12.0,771.6,3,34
17.4,799.8,4,34
14.5,815.8,5,34
0.0,838.6,6,34
352.2,811.8,1,36
353.2,846.0,2,36
373.2,829.1,3,36
405.4,778.7,4,36
405.8,755.6,5,36
416.6,707.3,6,36
413.4,691.1,7,36
401.3,674.8,8,36
392.1,695.3,9,36
380.9,739.5,10,36
365.9,763.6,11,36
352.2,811.8,12,36
1150.4,0.0,1,38
1156.4,8.0,2,38
1159.6,40.2,3,38
1167.5,60.3,4,38
1162.8,80.4,5,38
1167.6,96.5,6,38
1165.1,104.5,7,38
1143.8,117.4,8,38
1111.2,128.6,9,38
1069.6,156.7,10,38
1055.5,178.8,11,38
1037.5,188.9,12,38
1037.5,192.9,13,38
1047.5,194.9,14,38
1055.5,194.1,15,38
1059.5,187.9,16,38
1067.6,185.5,17,38
1087.6,187.9,18,38
1099.7,192.5,19,38
1107.7,205.4,20,38
1135.8,210.5,21,38
1143.6,221.0,22,38
1140.0,229.1,23,38
1103.7,269.9,24,38
1086.4,273.3,25,38
1075.6,287.8,26,38
1063.5,291.1,27,38
1043.5,305.8,28,38
1031.1,321.5,29,38
1023.6,345.6,30,38
1032.0,414.0,31,38
1029.8,466.2,32,38
1029.1,478.3,33,38
1016.4,490.3,34,38
1016.6,494.3,35,38
1031.4,500.0,36,38
1043.5,516.4,37,38
1058.5,526.5,38,38
1060.8,542.6,39,38
1083.6,611.4,40,38
1088.4,610.9,41,38
1098.0,578.7,42,38
1112.8,466.2,43,38
1124.2,434.0,44,38
1133.8,418.0,45,38
1149.4,361.7,46,38
1160.5,345.6,47,38
1195.7,325.5,48,38
1200.0,317.5,49,38
1200.0,144.7,1,40
1164.9,152.7,2,40
1163.2,156.7,3,40
1168.6,160.8,4,40
1171.0,180.9,5,40
1178.7,188.9,6,40
1171.9,200.3,7,40
1167.6,221.0,8,40
1127.8,274.2,9,40
1087.3,305.4,10,40
1054.5,341.6,11,40
1051.8,361.7,12,40
1059.1,393.9,13,40
1055.0,405.9,14,40
1062.9,418.0,15,40
1065.6,430.0,16,40
1068.6,446.1,17,40
1067.6,472.2,18,40
1069.6,462.2,19,40
1087.6,444.1,20,40
1094.6,397.9,21,40
1103.0,373.8,22,40
1111.7,369.2,23,40
1121.7,353.7,24,40
1139.8,339.6,25,40
1149.3,325.5,26,40
1164.4,321.5,27,40
1200.0,293.4,28,40
1200.0,357.7,1,42
1183.9,364.2,2,42
1173.2,373.8,3,42
1171.9,381.8,4,42
1177.5,401.9,5,42
1170.7,409.9,6,42
1162.4,450.1,7,42
1159.9,454.7,8,42
1147.8,458.2,9,42
1131.8,478.3,10,42
1137.1,510.4,11,42
1134.0,530.5,12,42
1135.8,590.8,13,42
1128.7,602.8,14,42
1116.3,655.1,15,42
1103.7,672.7,16,42
1047.5,689.3,17,42
1039.5,697.3,18,42
1034.3,671.2,19,42
1043.5,578.7,20,42
1038.8,558.6,21,42
1011.4,556.3,22,42
987.3,560.4,23,42
974.1,570.7,24,42
950.0,610.9,25,42
951.2,631.0,26,42
944.7,651.1,27,42
949.2,663.1,28,42
939.1,667.1,29,42
932.4,675.2,30,42
936.3,687.2,31,42
931.1,702.3,32,42
899.0,740.5,33,42
878.9,755.6,34,42
878.9,777.7,35,42
862.9,784.3,36,42
842.8,785.5,37,42
834.8,790.5,38,42
826.8,789.7,39,42
822.7,777.0,40,42
810.7,765.9,41,42
802.7,763.1,42,42
762.5,762.1,43,42
733.1,767.6,44,42
679.3,791.7,45,42
638.1,829.1,46,42
626.1,848.0,47,42
1200.0,385.8,1,44
1192.0,391.8,2,44
1193.2,409.9,3,44
1179.6,430.0,4,44
1172.9,466.2,5,44
1154.6,478.3,6,44
1143.3,546.6,7,44
1148.0,598.8,8,44
1139.6,606.9,9,44
1127.5,659.1,10,44
1103.7,685.2,11,44
1091.6,687.0,12,44
1063.5,712.0,13,44
1031.4,728.9,14,44
1023.5,675.2,15,44
1024.6,635.0,16,44
1033.4,578.7,17,44
1023.4,569.7,18,44
1003.3,569.9,19,44
986.9,578.7,20,44
966.9,610.9,21,44
963.0,622.9,22,44
963.6,639.0,23,44
975.5,659.1,24,44
967.2,688.2,25,44
963.2,691.8,26,44
955.2,685.6,27,44
947.2,686.7,28,44
938.7,703.3,29,44
936.0,723.4,30,44
927.1,725.2,31,44
903.0,754.0,32,44
887.7,759.6,33,44
886.1,767.6,34,44
891.0,784.7,35,44
846.8,795.6,36,44
830.8,803.9,37,44
814.7,800.9,38,44
817.6,787.7,39,44
790.6,771.5,40,44
774.6,769.7,41,44
754.5,773.6,42,44
718.4,784.9,43,44
690.3,798.7,44,44
646.2,848.0,45,44
1200.0,454.1,1,46
1156.5,546.6,2,46
1154.2,578.7,3,46
1160.9,606.9,4,46
1147.8,617.6,5,46
1137.1,663.1,6,46
1115.7,691.3,7,46
1107.7,694.1,8,46
1083.6,713.4,9,46
1066.0,735.5,10,46
1047.5,743.5,11,46
1023.4,748.5,12,46
1015.4,755.6,13,46
1008.7,751.5,14,46
1014.0,743.5,15,46
1011.4,729.4,16,46
1007.4,727.4,17,46
999.3,734.1,18,46
951.2,704.2,19,46
942.4,715.4,20,46
947.2,733.5,21,46
934.1,735.5,22,46
919.9,763.6,23,46
901.0,771.6,24,46
902.0,791.7,25,46
878.9,807.8,26,46
866.9,801.1,27,46
846.8,814.3,28,46
826.8,810.8,29,46
814.7,817.6,30,46
806.7,810.7,31,46
801.9,795.8,32,46
786.6,780.6,33,46
774.6,776.7,34,46
754.5,778.9,35,46
719.4,795.8,36,46
687.3,819.9,37,46
679.3,835.9,38,46
678.3,848.0,39,46
1111.7,848.0,1,48
1096.1,823.9,2,48
1097.2,815.8,3,48
1118.2,803.8,4,48
1136.5,783.7,5,48
1144.0,747.5,6,48
1143.8,739.0,7,48
1123.7,718.7,8,48
1091.6,726.0,9,48
1083.6,731.1,10,48
1060.5,779.7,11,48
1043.5,786.5,12,48
1006.5,771.6,13,48
995.3,762.4,14,48
982.3,739.5,15,48
961.2,727.4,16,48
958.9,739.5,17,48
943.1,745.3,18,48
936.7,751.5,19,48
933.5,767.6,20,48
919.1,784.7,21,48
919.1,801.8,22,48
891.0,814.1,23,48
883.7,823.9,24,48
886.0,835.9,25,48
882.9,839.0,26,48
862.9,844.5,27,48
850.8,840.6,28,48
838.8,842.0,29,48
836.8,840.0,30,48
840.8,827.9,31,48
834.8,824.4,32,48
831.8,831.9,33,48
833.8,844.0,34,48
830.8,847.0,35,48
822.7,844.5,36,48
806.7,825.6,37,48
785.8,787.7,38,48
778.6,784.1,39,48
750.5,786.2,40,48
718.9,827.9,41,48
718.4,848.0,42,48
198.66222,0.0,1,50
201.2,28.1,2,50
212.7,50.2,3,50
220.7,54.3,4,50
232.8,52.7,5,50
252.8,61.8,6,50
264.9,86.7,7,50
317.1,106.5,8,50
341.1,108.8,9,50
381.3,126.2,10,50
417.4,147.4,11,50
437.5,151.6,12,50
445.5,157.7,13,50
457.5,160.0,14,50
466.6,156.7,15,50
453.5,113.0,16,50
449.3,112.5,17,50
437.5,133.4,18,50
425.4,135.3,19,50
409.4,123.7,20,50
369.2,105.7,21,50
353.2,88.9,22,50
345.2,85.4,23,50
342.8,68.3,24,50
363.2,48.2,25,50
368.0,24.1,26,50
365.7,16.1,27,50
353.2,20.5,28,50
345.2,14.7,29,50
337.1,13.9,30,50
313.0,41.2,31,50
276.9,42.7,32,50
266.4,36.2,33,50
257.1,20.1,34,50
236.8,9.0,35,50
233.3,0.0,36,50
180.602,0.0,1,52
183.8,36.2,2,52
188.6,48.2,3,52
202.3,60.3,4,52
230.4,68.3,5,52
264.9,97.2,6,52
289.0,110.5,7,52
341.1,120.9,8,52
369.2,131.6,9,52
457.5,175.2,10,52
469.6,171.7,11,52
475.6,164.8,12,52
477.2,152.7,13,52
469.2,136.6,14,52
465.6,112.5,15,52
457.5,100.5,16,52
445.5,102.5,17,52
434.0,120.6,18,52
425.4,124.6,19,52
413.4,116.1,20,52
365.2,94.9,21,52
351.7,80.4,22,52
357.2,66.3,23,52
374.0,48.2,24,52
379.5,16.1,25,52
374.8,8.0,26,52
357.2,8.8,27,52
333.1,4.0,28,52
309.0,27.1,29,52
280.9,34.8,30,52
272.9,30.4,31,52
260.9,12.9,32,52
244.8,0.0,33,52
66.22075,0.0,1,54
104.3,11.5,2,54
132.4,6.4,3,54
143.8,36.2,4,54
168.6,61.6,5,54
188.6,75.4,6,54
220.7,87.5,7,54
284.9,129.8,8,54
317.1,136.2,9,54
375.9,156.7,10,54
423.4,180.9,11,54
449.5,203.5,12,54
491.0,217.0,13,54
509.7,232.6,14,54
533.8,241.1,15,54
539.8,233.1,16,54
537.8,217.0,17,54
504.5,188.9,18,54
499.7,180.9,19,54
497.7,147.4,20,54
469.6,89.3,21,54
445.5,86.1,22,54
413.4,99.5,23,54
382.9,80.4,24,54
385.3,73.3,25,54
395.3,68.3,26,54
404.0,48.2,27,54
409.4,20.1,28,54
394.9,0.0,29,54
433.73148,0.0,1,56
444.7,20.1,2,56
444.9,28.1,3,56
457.5,47.2,4,56
485.6,48.6,5,56
505.4,60.3,6,56
508.8,76.4,7,56
527.0,112.5,8,56
528.9,124.6,9,56
547.6,156.7,10,56
547.0,168.8,11,56
569.9,185.9,12,56
594.0,190.5,13,56
674.2,236.8,14,56
702.3,222.0,15,56
716.8,188.9,16,56
717.3,180.9,17,56
711.8,160.8,18,56
666.2,96.9,19,56
663.1,84.4,20,56
670.2,78.9,21,56
686.3,75.8,22,56
754.5,78.6,23,56
802.7,84.6,24,56
831.4,100.5,25,56
887.0,145.0,26,56
895.0,148.4,27,56
907.0,147.7,28,56
927.1,164.4,29,56
933.6,164.8,30,56
932.9,152.7,31,56
913.8,116.5,32,56
895.0,92.8,33,56
887.0,72.8,34,56
866.9,45.7,35,56
842.8,17.1,36,56
818.7,4.4,37,56
801.7,0.0,38,56
737.9,124.6,1,58
746.5,135.6,2,58
762.5,132.6,3,58
782.6,135.3,4,58
788.0,128.6,5,58
786.6,124.0,6,58
754.5,119.1,7,58
738.46155,119.67564,8,58
737.9,124.6,9,58
0.0,603.8483,1,60
17.1,610.9,2,60
24.1,624.9,3,60
44.1,628.0,4,60
72.2,618.2,5,60
88.3,598.2,6,60
103.1,586.8,7,60
116.4,568.3,8,60
124.4,564.4,9,60
136.5,565.2,10,60
169.2,586.8,11,60
174.6,598.8,12,60
163.3,679.2,13,60
168.6,708.0,14,60
174.6,707.3,15,60
180.6,711.8,16,60
188.6,706.7,17,60
212.7,671.8,18,60
244.8,653.1,19,60
260.9,658.7,20,60
274.4,679.2,21,60
289.0,689.6,22,60
305.0,686.5,23,60
320.4,679.2,24,60
321.1,675.2,25,60
0.0,683.2227,1,62
5.4,695.3,2,62
4.0,703.3,3,62
0.0,705.3,4,62
0.0,750.87524,1,64
20.1,748.0,2,64
32.6,771.6,3,64
33.6,799.8,4,64
29.0,819.9,5,64
12.0,848.0,6,64
317.1,848.0,1,66
318.7,831.9,2,66
312.5,803.8,3,66
315.1,787.7,4,66
313.0,767.6,5,66
305.0,755.6,6,66
297.0,758.2,7,66
284.9,769.0,8,66
272.9,785.0,9,66
252.8,838.0,10,66
240.8,838.5,11,66
221.1,823.9,12,66
184.6,779.7,13,66
156.5,754.9,14,66
150.5,755.6,15,66
140.5,766.3,16,66
124.4,758.8,17,66
110.7,739.5,18,66
103.7,707.3,19,66
100.3,699.3,20,66
96.3,699.3,21,66
88.3,714.0,22,66
75.3,723.4,23,66
80.3,759.6,24,66
92.3,781.7,25,66
122.6,815.8,26,66
136.5,848.0,27,66
539.59863,530.50244,1,68
544.7,554.6,2,68
557.9,566.3,3,68
561.9,585.3,4,68
572.4,606.9,5,68
586.0,616.9,6,68
602.0,608.1,7,68
618.1,612.0,8,68
630.1,607.1,9,68
642.1,596.5,10,68
662.2,593.4,11,68
674.2,584.0,12,68
690.3,581.7,13,68
730.4,561.4,14,68
740.1,566.7,15,68
742.5,582.7,16,68
614.0,848.0,1,70
645.8,803.8,2,70
678.3,776.7,3,70
736.5,755.6,4,70
798.7,750.7,5,70
834.8,765.6,6,70
842.8,775.9,7,70
858.9,769.3,8,70
862.9,770.6,9,70
867.2,767.6,10,70
863.9,747.5,11,70
887.3,731.5,12,70
896.5,711.4,13,70
904.5,703.3,14,70
906.0,695.3,15,70
850.8,671.8,16,70
826.8,657.5,17,70
747.7,631.0,18,70
723.3,614.9,19,70
722.0,598.8,20,70
718.4,594.4,21,70
694.3,603.8,22,70
682.3,603.0,23,70
670.2,613.6,24,70
654.2,616.9,25,70
642.1,625.1,26,70
581.9,638.8,27,70
565.9,638.6,28,70
553.8,620.4,29,70
537.8,578.3,30,70
526.8,566.7,31,70
520.5,550.6,32,70
519.2,530.5,33,70
522.2,514.4,34,70
539.0,462.2,35,70
537.8,457.5,36,70
529.8,452.1,37,70
521.7,451.6,38,70
485.6,467.2,39,70
473.6,468.8,40,70
405.4,448.7,41,70
369.2,449.6,42,70
353.2,453.9,43,70
312.5,482.3,44,70
314.5,490.3,45,70
321.1,497.3,46,70
342.4,510.4,47,70
354.6,534.5,48,70
359.4,554.6,49,70
354.8,586.8,50,70
357.2,614.4,51,70
365.2,620.9,52,70
381.3,623.2,53,70
398.1,655.1,54,70
414.8,667.1,55,70
436.2,699.3,56,70
436.1,727.4,57,70
425.4,783.7,58,70
365.2,848.0,1,72
405.9,803.8,2,72
421.8,755.6,3,72
427.2,703.3,4,72
421.4,689.5,5,72
401.3,667.1,6,72
393.3,667.1,7,72
388.5,671.2,8,72
376.1,719.4,9,72
356.2,763.6,10,72
345.2,803.8,11,72
341.1,848.0,12,72
1200.0,124.6,1,74
1167.9,124.6,2,74
1147.8,134.6,3,74
1121.7,156.7,4,74
1123.7,164.8,5,74
1131.8,174.8,6,74
1151.8,182.9,7,74
1156.7,188.9,8,74
1156.9,205.0,9,74
1149.0,229.1,10,74
1108.4,277.3,11,74
1075.6,297.4,12,74
1047.5,320.9,13,74
1035.9,341.6,14,74
1035.9,357.7,15,74
1041.5,381.8,16,74
1039.1,401.9,17,74
1043.0,418.0,18,74
1041.9,478.3,19,74
1036.8,486.3,20,74
1067.6,514.4,21,74
1076.4,546.6,22,74
1083.6,558.6,23,74
1094.8,482.3,24,74
1101.4,470.2,25,74
1108.4,434.0,26,74
1131.0,369.7,27,74
1141.1,353.7,28,74
1158.5,337.6,29,74
1200.0,309.5,30,74
1200.0,305.4,31,74
995.3,679.2,1,76
995.3,683.2,2,76
999.3,671.2,3,76
995.3177,673.17535,4,76
995.3,679.2,5,76
1175.9,621.9,1,78
1163.9,624.4,2,78
1159.5,639.0,3,78
1180.9,627.0,4,79
1176.9,622.9,5,79
1176.3,614.9,6,80
1163.9,584.8,7,80
1163.7,566.7,8,80
1177.4,550.6,9,80
1183.9,531.5,10,80
1200.0,506.4,11,80
1181.9,671.2,12,81
1192.6,647.1,13,81
1194.0,631.0,14,81
1200.0,627.0,15,81
1200.0,683.2,1,83
1196.0,687.2,2,83
1167.9,695.3,3,83
1156.5,707.3,4,83
1156.7,735.5,5,83
1150.6,779.7,6,83
1145.8,791.7,7,83
1130.8,811.8,8,83
1133.8,819.9,9,83
1139.8,823.9,10,83
1147.8,823.4,11,83
1163.9,829.2,12,83
1175.9,844.0,13,83
1171.9,848.0,14,83
1200.0,835.9,1,85
1187.3,819.9,2,85
1151.8,813.2,3,85
1147.6,807.8,4,85
1158.0,787.7,5,85
1171.9,722.4,6,85
1183.9,708.0,7,85
1199.3,703.3,8,85
1200.0,699.3,9,85
1200.0,811.8,1,87
1161.9,803.8,2,87
1168.6,767.6,3,87
1180.4,735.5,4,87
1200.0,711.4,5,87
1200.0,727.4,1,89
1183.9,752.2,2,89
1179.2,783.7,3,89
1184.6,791.7,4,89
1196.0,794.6,5,89
1200.0,791.7,6,89
154.01338,0.0,1,91
166.2,40.2,2,91
174.6,52.2,3,91
188.6,62.7,4,91
228.8,80.2,5,91
248.5,96.5,6,91
284.9,119.0,7,91
313.0,124.0,8,91
373.2,144.0,9,91
409.4,165.0,10,91
429.4,171.1,11,91
457.5,194.7,12,91
469.6,193.4,13,91
485.3,172.8,14,91
489.8,156.7,15,91
476.0,128.6,16,91
468.3,96.5,17,91
449.5,92.1,18,91
422.4,108.5,19,91
409.4,107.8,20,91
365.2,84.6,21,91
366.0,72.3,22,91
380.8,60.3,23,91
387.3,48.2,24,91
392.3,20.1,25,91
390.1,8.0,26,91
374.2,0.0,27,91
64.2,418.0,1,93
72.2,412.6,2,93
100.3,424.7,3,93
120.4,438.1,4,93
136.5,438.5,5,93
149.6,418.0,6,93
149.0,397.9,7,93
142.5,373.8,8,93
148.5,343.0,9,93
152.5,340.9,10,93
156.5,343.6,11,93
176.6,373.8,12,93
0.0,479.0597,1,95
8.0,486.7,2,95
36.1,489.7,3,95
68.2,478.3,4,95
73.6,442.1,5,95
68.2,430.0,6,95
70.2,422.0,7,95
64.2,418.0,8,95
62.2,414.0,9,96
60.2,411.9,10,96
60.2,416.0,11,96
408.69562,0.0,1,98
417.4,9.2,2,98
423.1,24.1,3,98
423.1,32.2,4,98
411.7,64.3,5,98
414.0,80.4,6,98
421.4,84.7,7,98
453.5,76.9,8,98
469.6,79.7,9,98
475.9,84.4,10,98
514.0,152.7,11,98
514.0,176.8,12,98
525.8,195.5,13,98
537.8,202.5,14,98
553.8,204.6,15,98
561.9,210.7,16,98
573.9,207.3,17,98
610.0,215.6,18,98
622.1,220.9,19,98
652.9,245.2,20,98
674.2,255.5,21,98
678.3,255.5,22,98
690.3,244.9,23,98
718.1,241.1,24,98
750.0,217.0,25,98
749.8,213.0,26,98
732.7,205.0,27,98
737.2,188.9,28,98
736.0,176.8,29,98
700.1,104.5,30,98
698.7,100.5,31,98
702.3,96.5,32,98
700.3,96.5,33,99
696.3,96.5,34,99
698.3,98.5,35,99
0.0,458.56305,1,101
12.0,466.9,2,101
32.1,471.4,3,101
45.7,462.2,4,101
48.5,450.1,5,101
33.8,414.0,6,101
32.4,401.9,7,101
30.9,373.8,8,101
39.1,361.7,9,101
48.2,362.4,10,101
60.5,369.7,11,101
84.3,394.9,12,101
100.3,397.5,13,101
116.4,409.3,14,101
124.4,408.9,15,101
130.4,385.8,16,101
129.6,337.6,17,101
131.8,325.5,18,101
136.5,323.5,19,101
160.5,331.1,20,101
174.8,353.7,21,101
192.6,371.3,22,101
228.8,382.9,23,101
244.8,381.0,24,101
257.4,373.8,25,101
263.9,365.7,26,101
258.5,333.6,27,101
259.7,305.4,28,101
262.4,297.4,29,101
272.9,294.1,30,101
305.0,298.2,31,101
329.1,296.9,32,101
338.8,301.4,33,101
345.2,311.0,34,101
361.2,321.3,35,101
381.3,322.6,36,101
389.3,314.7,37,101
405.4,315.6,38,101
421.4,329.3,39,101
431.2,349.6,40,101
470.1,369.7,41,101
477.6,385.3,42,101
485.6,386.8,43,101
493.6,400.9,44,101
501.7,402.2,45,101
508.4,389.8,46,101
513.7,387.4,47,101
525.8,391.4,48,101
537.8,400.7,49,101
567.4,409.9,50,101
577.9,417.6,51,101
585.5,426.0,52,101
582.6,434.0,53,101
573.9,440.1,54,101
565.9,438.4,55,101
549.8,426.3,56,101
533.8,424.9,57,101
509.7,428.6,58,101
473.6,447.7,59,101
445.5,440.4,60,101
433.4,440.8,61,101
413.4,429.5,62,101
401.3,427.8,63,101
385.3,434.2,64,101
377.3,429.4,65,101
361.2,429.8,66,101
329.1,438.4,67,101
305.4,458.2,68,101
280.9,466.7,69,101
276.6,474.2,70,101
280.9,496.3,71,101
291.8,506.4,72,101
321.3,518.4,73,101
331.4,534.5,74,101
334.4,546.6,75,101
334.2,570.7,76,101
323.5,598.8,77,101
326.5,606.9,78,101
337.1,616.1,79,101
352.7,639.0,80,101
336.7,671.2,81,101
325.1,676.9,82,101
0.0,492.89648,1,103
9.0,498.4,2,103
36.1,501.9,3,103
80.3,493.8,4,103
92.3,488.3,5,103
100.3,477.3,6,103
102.9,462.2,7,103
99.3,442.1,8,103
105.4,442.1,9,103
124.4,453.0,10,103
143.5,450.1,11,103
163.7,422.0,12,103
162.7,401.9,13,103
156.9,381.8,14,103
160.5,370.4,15,103
191.9,401.9,16,103
200.7,420.8,17,103
212.7,427.4,18,103
224.7,426.3,19,103
230.9,405.9,20,103
236.8,400.3,21,103
264.9,401.7,22,103
294.5,397.9,23,103
300.7,369.7,24,103
293.6,325.5,25,103
297.0,317.8,26,103
305.0,315.2,27,103
333.1,320.9,28,103
341.1,329.3,29,103
349.2,326.0,30,103
353.2,327.8,31,103
377.3,351.7,32,103
405.4,346.5,33,103
413.4,368.5,34,103
433.4,370.9,35,103
445.5,377.9,36,103
483.6,418.0,37,103
469.6,427.4,38,103
433.4,420.0,39,103
417.4,409.2,40,103
401.3,407.8,41,103
377.3,412.5,42,103
361.2,407.3,43,103
349.2,412.7,44,103
321.1,416.0,45,103
293.0,443.5,46,103
264.9,445.9,47,103
254.2,450.1,48,103
249.5,458.2,49,103
249.5,482.3,50,103
265.5,498.4,51,103
289.0,531.3,52,103
309.9,534.5,53,103
309.4,542.6,54,103
303.9,546.6,55,103
299.0,562.7,56,103
303.3,594.8,57,103
310.6,610.9,58,103
309.0,618.2,59,103
297.0,630.5,60,103
284.9,633.8,61,103
276.9,632.0,62,103
256.9,608.1,63,103
238.8,598.8,64,103
240.5,554.6,65,103
236.8,540.5,66,103
224.7,519.1,67,103
216.7,516.9,68,103
192.6,520.5,69,103
188.6,517.8,70,103
167.9,534.5,71,103
152.5,541.4,72,103
136.5,534.8,73,103
122.9,518.4,74,103
96.3,506.1,75,103
83.1,514.4,76,103
76.3,535.5,77,103
72.2,538.5,78,103
472.07358,0.0,1,105
487.1,20.1,2,105
525.8,49.7,3,105
555.5,88.4,4,105
576.4,144.7,5,105
598.0,158.7,6,105
610.0,171.3,7,105
638.1,188.5,8,105
666.2,197.4,9,105
686.3,194.4,10,105
689.3,180.9,11,105
676.3,156.7,12,105
638.1,105.5,13,105
637.0,72.3,14,105
642.1,56.6,15,105
650.2,54.1,16,105
674.2,57.9,17,105
722.4,55.3,18,105
734.4,51.4,19,105
750.5,54.3,20,105
774.6,51.2,21,105
798.7,56.8,22,105
835.8,72.3,23,105
828.8,56.3,24,105
806.7,39.7,25,105
782.6,31.7,26,105
766.6,32.7,27,105
750.5,29.0,28,105
714.4,17.6,29,105
674.2,16.4,30,105
639.1,0.0,31,105
0.0,561.3144,1,107
8.0,570.7,2,107
56.2,590.0,3,107
69.6,582.7,4,107
84.3,558.6,5,107
96.3,554.6,6,107
100.3,530.5,7,107
106.4,530.5,8,107
128.4,547.2,9,107
156.5,559.2,10,107
188.6,556.0,11,107
208.7,539.5,12,107
216.7,538.5,13,107
226.5,550.6,14,107
226.1,570.7,15,107
220.7,588.1,16,107
200.7,602.8,17,107
196.7,614.9,18,107
191.6,618.9,19,107
188.6,655.1,20,107
196.7,655.1,21,107
212.7,647.1,22,107
224.7,629.6,23,107
244.8,627.0,24,107
260.9,633.0,25,107
268.9,645.7,26,107
289.0,665.1,27,107
309.0,665.5,28,107
333.1,647.1,29,107
335.1,639.0,30,107
319.1,614.9,31,107
310.8,594.8,32,107
322.6,542.6,33,107
317.1,526.0,34,107
284.9,511.6,35,107
276.3,502.4,36,107
259.1,474.2,37,107
260.9,459.2,38,107
272.9,454.5,39,107
297.0,452.3,40,107
325.1,426.5,41,107
361.2,418.4,42,107
389.3,423.5,43,107
401.3,418.0,44,107
417.4,420.4,45,107
433.4,431.1,46,107
469.6,438.1,47,107
499.7,418.0,48,107
469.6,392.4,49,107
461.5,379.1,50,107
419.4,357.7,51,107
412.0,333.6,52,107
405.4,329.6,53,107
389.3,339.2,54,107
381.3,334.7,55,107
369.2,335.8,56,107
353.2,322.6,57,107
321.1,306.3,58,107
289.0,308.1,59,107
280.9,314.8,60,107
278.3,321.5,61,107
286.3,373.8,62,107
276.9,384.8,63,107
236.8,391.7,64,107
220.7,403.9,65,107
212.7,393.9,66,107
200.7,398.5,67,107
180.2,377.8,68,107
583.4,233.1,1,109
594.0,253.6,2,109
602.0,259.6,3,109
610.0,260.6,4,109
622.1,255.2,5,109
631.6,245.2,6,109
610.0,228.1,7,109
606.0,233.9,8,109
602.0,233.6,9,109
585.9532,226.06635,10,109
583.4,233.1,11,109
449.49832,0.0,1,111
463.9,16.1,2,111
466.9,24.1,3,111
481.6,29.6,4,111
494.8,44.2,5,111
517.7,56.3,6,111
527.1,80.4,7,111
545.8,106.5,8,111
553.8,140.7,9,111
561.9,149.7,10,111
567.5,164.8,11,111
638.1,203.5,12,111
654.2,207.0,13,111
666.2,217.0,14,111
694.9,213.0,15,111
703.1,200.9,16,111
707.0,180.9,17,111
693.9,152.7,18,111
658.2,107.2,19,111
646.8,72.3,20,111
646.2,68.3,21,111
650.2,65.9,22,111
706.4,70.1,23,111
734.4,65.3,24,111
738.5,68.3,25,111
790.6,68.8,26,111
846.8,99.3,27,111
887.0,129.2,28,111
903.0,128.6,29,111
899.0,123.0,30,111
895.0,126.6,31,111
893.0,124.6,32,111
893.0,116.5,33,111
874.9,82.4,34,111
830.8,28.1,35,111
814.7,20.8,36,111
770.6,12.1,37,111
754.5,5.6,38,111
710.4,0.0,39,111
0.0,540.5498,1,113
28.4,566.7,2,113
44.1,574.4,3,113
57.2,570.7,4,113
74.5,542.6,5,113
727.9,116.5,1,115
728.4,128.6,2,115
742.5,153.9,3,115
746.5,158.7,4,115
765.6,164.8,5,115
770.6,170.8,6,115
822.7,180.2,7,115
830.8,176.2,8,115
838.8,178.8,9,115
853.8,164.8,10,115
854.6,148.7,11,115
838.8,138.2,12,115
830.8,127.8,13,115
814.7,119.0,14,115
794.6,119.6,15,115
778.6,114.2,16,115
734.4,110.8,17,115
728.4,112.5,18,115
727.9,116.5,19,115
794.6,634.6,1,117
774.6,630.1,2,117
738.5,613.8,3,117
734.8,606.9,4,117
732.9,586.8,5,117
726.4,578.7,6,117
694.3,592.0,7,117
682.3,592.0,8,117
662.2,605.7,9,117
646.2,608.0,10,117
630.1,618.2,11,117
610.0,622.9,12,117
602.0,620.7,13,117
586.0,627.0,14,117
573.9,624.1,15,117
563.9,614.9,16,117
546.8,570.7,17,117
537.2,562.7,18,117
529.4,542.6,19,117
530.1,526.5,20,117
557.9,462.2,21,117
557.9,452.1,22,117
553.8,446.9,23,117
537.8,437.5,24,117
517.7,438.6,25,117
477.6,458.2,26,117
469.6,458.5,27,117
405.4,438.8,28,117
381.3,440.9,29,117
365.2,438.5,30,117
339.8,446.1,31,117
325.1,458.8,32,117
301.0,470.2,33,117
293.0,477.3,34,117
289.5,486.3,35,117
297.0,496.1,36,117
333.1,514.0,37,117
339.1,522.5,38,117
347.4,550.6,39,117
346.3,574.7,40,117
340.2,586.8,41,117
341.7,598.8,42,117
355.5,627.0,43,117
373.2,631.0,44,117
377.3,637.0,45,117
371.2,655.1,46,117
345.2,684.4,47,117
341.1,687.2,48,117
325.1,687.2,49,117
268.9,711.4,50,117
240.8,744.8,51,117
224.7,745.5,52,117
212.7,751.5,53,117
198.7,747.5,54,117
188.6,737.5,55,117
176.6,737.9,56,117
160.5,718.6,57,117
154.5,703.3,58,117
152.5,675.2,59,117
159.4,631.0,60,117
158.5,610.9,61,117
132.4,584.1,62,117
120.4,587.4,63,117
104.3,602.8,64,117
78.7,651.1,65,117
77.1,671.2,66,117
72.2,681.9,67,117
44.1,685.9,68,117
20.1,707.3,69,117
421.4047,0.0,1,119
435.1,24.1,2,119
441.5,64.3,3,119
457.5,68.3,4,119
469.6,66.0,5,119
485.6,72.3,6,119
528.8,148.7,7,119
530.3,168.8,8,119
537.8,180.9,9,119
565.9,197.9,10,119
594.0,200.9,11,119
622.1,214.3,12,119
660.9,241.1,13,119
678.3,245.2,14,119
714.4,233.6,15,119
721.8,221.0,16,119
719.9,209.0,17,119
727.4,192.9,18,119
723.9,168.8,19,119
710.4,138.0,20,119
679.9,96.5,21,119
679.3,88.4,22,119
690.3,84.0,23,119
706.4,89.3,24,119
734.4,87.5,25,119
782.6,93.6,26,119
798.7,92.4,27,119
814.7,98.5,28,119
882.9,151.6,29,119
903.0,160.0,30,119
933.5,180.9,31,119
951.2,199.9,32,119
963.2,200.9,33,119
967.2,209.0,34,119
991.3,213.0,35,119
1087.6,208.0,36,119
1099.7,222.8,37,119
1120.7,229.1,38,119
1122.7,233.1,39,119
1099.7,258.2,40,119
1075.6,263.6,41,119
1071.6,269.3,42,119
1071.6,277.3,43,119
1055.5,278.6,44,119
1035.5,294.2,45,119
1019.4,313.5,46,119
1018.5,321.5,47,119
1004.3,349.6,48,119
1019.8,385.8,49,119
1019.4,474.2,50,119
1019.0,478.3,51,119
1006.0,486.3,52,119
992.6,522.5,53,119
1007.4,522.5,54,119
1015.4,530.5,55,119
1039.5,535.2,56,119
1047.5,541.8,57,119
1055.5,554.6,58,119
1063.5,610.9,59,119
329.1,848.0,1,121
336.8,771.6,2,121
357.9,715.4,3,121
365.7,703.3,4,121
364.2,695.3,5,121
357.2,693.3,6,121
333.1,705.0,7,121
321.1,700.7,8,121
313.7,703.3,9,121
289.0,722.7,10,121
274.9,739.5,11,121
256.9,784.7,12,121
245.8,791.7,13,121
244.1,807.8,14,121
232.8,820.4,15,121
216.7,803.3,16,121
204.7,780.2,17,121
188.2,767.6,18,121
148.5,723.0,19,121
132.4,713.4,20,121
124.4,713.4,21,121
123.7,699.3,22,121
137.1,663.1,23,121
125.9,647.1,24,121
126.4,627.0,25,121
120.4,620.9,26,121
106.4,639.0,27,121
86.5,687.2,28,121
66.2,707.3,29,121
62.0,727.4,30,121
67.2,755.6,31,121
76.0,779.7,32,121
84.3,792.9,33,121
92.3,796.8,34,121
100.3,809.8,35,121
124.4,833.7,36,121
128.4,848.0,37,121
909.9219,0.0,1,123
939.1,25.1,2,123
951.2,31.5,3,123
963.2,22.1,4,123
970.8,0.0,5,123
899.4425,0.0,1,125
905.0,12.1,2,125
913.3,20.1,3,125
916.1,40.2,4,125
923.1,44.2,5,125
931.1,61.1,6,125
947.2,72.3,7,125
967.2,79.0,8,125
975.3,74.4,9,125
980.3,64.3,10,125
977.9,48.2,11,125
983.3,28.1,12,125
983.9,0.0,13,125
593.9799,220.03793,1,127
598.0,225.4,2,127
610.0,221.8,3,127
618.1,225.1,4,127
634.1,239.1,5,127
661.0,253.2,6,127
674.2,266.3,7,127
688.3,269.3,8,127
692.3,281.3,9,127
690.3,285.3,10,127
702.3,301.4,11,127
711.7,297.4,12,127
710.4,281.3,13,127
706.4,277.3,14,127
734.4,261.2,15,127
746.5,260.2,16,127
758.5,268.5,17,127
782.6,268.5,18,127
794.6,276.3,19,127
830.8,266.3,20,127
830.8,249.2,21,127
813.4,225.1,22,127
802.7,221.0,23,127
798.7,213.0,24,127
786.6,205.0,25,127
755.9,192.9,26,127
722.4,138.7,27,127
713.9,108.5,28,127
726.4,103.4,29,127
798.7,109.0,30,127
830.8,122.7,31,127
871.5,156.7,32,127
881.2,168.8,33,127
881.9,188.9,34,127
887.0,200.9,35,127
917.1,229.1,36,127
975.3,249.2,37,127
991.3,265.3,38,127
981.3,285.3,39,127
963.2,290.4,40,127
955.2,296.6,41,127
942.6,325.5,42,127
923.1,346.6,43,127
904.6,377.8,44,127
897.0,409.9,45,127
904.3,434.0,46,127
911.0,439.1,47,127
931.1,420.5,48,127
939.1,419.8,49,127
967.2,404.7,50,127
991.3,386.7,51,127
999.3,388.7,52,127
1003.3,393.9,53,127
998.3,418.0,54,127
1000.9,466.2,55,127
987.3,471.6,56,127
983.3,488.3,57,127
957.2,510.4,58,127
941.8,530.5,59,127
924.8,574.7,60,127
915.9,590.8,61,127
910.2,594.8,62,127
897.3,622.9,63,127
895.0,651.1,64,127
887.0,667.1,65,127
878.9,669.2,66,127
866.9,664.3,67,127
602.0,848.0,1,129
617.5,819.9,2,129
644.1,787.7,3,129
674.2,765.3,4,129
716.4,747.5,5,129
762.5,740.3,6,129
798.7,740.5,7,129
834.8,747.5,8,129
842.8,755.6,9,129
857.3,731.5,10,129
874.9,719.4,11,129
872.5,703.3,12,129
820.1,667.1,13,129
714.4,629.6,14,129
706.4,611.7,15,129
694.3,616.1,16,129
682.3,614.9,17,129
674.2,623.3,18,129
614.0,643.4,19,129
557.9,651.1,20,129
511.5,554.6,21,129
508.2,534.5,22,129
513.7,478.3,23,129
489.6,488.3,24,129
421.4,463.4,25,129
405.4,460.8,26,129
373.2,464.6,27,129
341.13712,481.12662,28,129
339.1,486.3,29,129
356.7,514.4,30,129
367.9,542.6,31,129
368.3,574.7,32,129
364.7,586.8,33,129
369.2,601.5,34,129
377.3,602.8,35,129
393.3,619.6,36,129
399.6,639.0,37,129
437.5,682.7,38,129
447.3,707.3,39,129
442.4,755.6,40,129
429.4,814.5,41,129
421.4,831.9,42,129
397.3,848.0,43,129
232.8,848.0,1,131
212.5,831.9,2,131
187.6,799.8,3,131
172.6,790.2,4,131
144.5,782.5,5,131
124.4,784.7,6,131
116.4,778.2,7,131
112.37458,778.67303,8,131
116.1,791.7,9,131
142.1,827.9,10,131
149.9,844.0,11,131
148.5,848.0,12,131
872.9,317.5,1,133
887.0,331.6,2,133
903.7,309.5,3,133
899.0,303.4,4,133
891.0,300.4,5,133
874.9164,310.46445,6,133
872.9,317.5,7,133
594.0,848.0,1,135
606.0,815.6,2,135
638.1,776.0,3,135
682.3,744.5,4,135
722.4,731.8,5,135
750.5,727.7,6,135
798.7,727.1,7,135
818.7,730.2,8,135
834.8,727.8,9,135
851.5,707.3,10,135
831.3,687.2,11,135
806.7,674.3,12,135
782.6,668.4,13,135
717.4,643.0,14,135
698.3,641.0,15,135
695.0,639.0,16,135
694.3,630.3,17,135
690.3,628.4,18,135
638.1,647.6,19,135
565.9,664.9,20,135
553.8,664.1,21,135
537.6,639.0,22,135
501.9,558.6,23,135
494.1,510.4,24,135
484.9,510.4,25,135
460.9,490.3,26,135
425.4,475.5,27,135
409.4,474.5,28,135
389.3,476.2,29,135
377.3,484.6,30,135
361.204,489.30804,31,135
360.0,494.3,32,135
374.0,526.5,33,135
381.3,559.6,34,135
378.9,586.8,35,135
413.4,641.0,36,135
443.9,675.2,37,135
456.7,707.3,38,135
450.5,775.7,39,135
439.5,819.9,40,135
432.2,840.0,41,135
417.4,848.0,42,135
568.3,562.7,1,137
576.1,590.8,2,137
584.3,602.8,3,137
602.0,597.2,4,137
618.1,600.6,5,137
638.1,586.3,6,137
654.2,585.0,7,137
674.2,573.1,8,137
698.3,566.7,9,137
724.4,542.6,10,137
742.5,534.5,11,137
750.5,542.6,12,137
754.5,554.6,13,137
754.5,594.8,14,137
758.5,601.1,15,137
790.6,616.2,16,137
802.7,617.8,17,137
814.7,625.5,18,137
838.8,627.8,19,137
854.8,638.2,20,137
862.9,638.0,21,137
870.9,627.0,22,137
877.2,598.8,23,137
874.1,574.7,24,137
895.0,570.0,25,137
903.0,560.0,26,137
906.4,518.4,27,137
917.7,490.3,28,137
915.1,480.3,29,137
880.4,466.2,30,137
869.7,446.1,31,137
875.3,393.9,32,137
892.3,353.7,33,137
911.0,331.6,34,137
923.1,321.5,35,137
934.3,317.5,36,137
932.1,289.4,37,137
919.1,277.3,38,137
895.0,266.4,39,137
887.0,265.3,40,137
874.9,270.1,41,137
866.9,277.3,42,137
865.9,285.3,43,137
844.1,305.4,44,137
826.8,329.6,45,137
818.7,333.6,46,137
802.7,333.6,47,137
790.6,339.6,48,137
778.6,355.7,49,137
773.6,369.7,50,137
779.0,385.8,51,137
804.0,409.9,52,137
812.7,426.0,53,137
826.8,442.1,54,137
830.8,454.1,55,137
808.0,470.2,56,137
812.0,502.4,57,137
808.7,514.4,58,137
786.6,517.6,59,137
766.6,510.4,60,137
748.5,522.5,61,137
742.5,530.5,62,137
722.4,511.6,63,137
710.4,494.3,64,137
694.3,483.4,65,137
686.3,482.3,66,137
674.2,487.2,67,137
654.2,474.2,68,137
642.1,472.8,69,137
631.4,474.2,70,137
622.1,481.5,71,137
586.0,466.9,72,137
577.9,472.0,73,137
549.8,522.5,74,137
565.9,848.0,1,139
569.9,847.0,2,139
578.2,831.9,3,139
579.6,819.9,4,139
592.3,795.8,5,139
622.1,756.8,6,139
682.3,707.7,7,139
714.4,698.8,8,139
728.4,691.3,9,139
722.4,686.6,10,139
682.3,680.7,11,139
670.2,674.5,12,139
662.2,678.2,13,139
650.2,672.7,14,139
632.1,675.2,15,139
606.0,685.2,16,139
594.0,682.9,17,139
553.8,690.9,18,139
525.8,678.5,19,139
518.9,671.2,20,139
515.4,651.1,21,139
501.7,615.9,22,139
486.6,598.8,23,139
477.6,574.0,24,139
441.5,527.5,25,139
433.4,525.5,26,139
429.4,528.5,27,139
425.4,524.5,28,139
413.37793,528.493,29,139
411.4,534.5,30,139
417.4,592.8,31,139
432.2,622.9,32,139
481.1,679.2,33,139
488.0,695.3,34,139
488.6,711.4,35,139
477.6,772.6,36,139
461.1,831.9,37,139
453.5,848.0,38,139
208.7,848.0,1,141
180.6,815.8,2,141
160.5,811.0,3,141
156.5,811.8,4,141
154.9,819.9,5,141
164.5,848.0,6,141
581.9,848.0,1,143
606.0,796.8,2,143
626.1,771.6,3,143
682.3,727.4,4,143
722.4,715.9,5,143
802.7,708.7,6,143
810.7,703.3,7,143
810.7,699.3,8,143
798.7,687.2,9,143
788.6,683.2,10,143
718.4,663.1,11,143
714.4,659.1,12,143
706.4,663.1,13,143
694.3,661.8,14,143
674.2,650.1,15,143
662.2,655.8,16,143
622.1,662.5,17,143
610.0,668.7,18,143
553.8,675.2,19,143
545.8,672.8,20,143
532.6,655.1,21,143
513.7,608.2,22,143
485.6,553.3,23,143
477.6,528.5,24,143
448.2,502.4,25,143
421.4,489.8,26,143
409.4,492.3,27,143
389.29764,502.36966,28,143
388.0,506.4,29,143
394.3,582.7,30,143
404.8,610.9,31,143
451.9,667.1,32,143
468.9,699.3,33,143
464.7,759.6,34,143
458.7,791.7,35,143
451.1,823.9,36,143
444.9,840.0,37,143
437.5,848.0,38,143
857.3578,0.0,1,145
887.0,33.2,2,145
903.0,70.3,3,145
915.1,87.7,4,145
923.1,93.6,5,145
938.4,124.6,6,145
959.2,156.2,7,145
971.2,166.3,8,145
1003.3,143.9,9,145
1043.5,134.6,10,145
1103.7,108.7,11,145
1132.8,92.4,12,145
1142.1,72.3,13,145
1140.4,56.3,14,145
1125.8,16.1,15,145
1104.5,0.0,16,145
837.99335,0.0,1,147
854.8,11.4,2,147
887.0,50.6,3,147
903.0,85.1,4,147
923.1,112.5,5,147
946.0,152.7,6,147
957.5,188.9,7,147
971.2,192.9,8,147
983.3,187.6,9,147
993.7,172.8,10,147
1011.4,157.9,11,147
1031.4,154.7,12,147
1145.8,100.5,13,147
1153.4,76.4,14,147
1153.8,60.3,15,147
1144.4,40.2,16,147
1141.4,16.1,17,147
1128.8,0.0,18,147
871.4047,0.0,1,149
895.0,28.1,2,149
907.0,63.2,3,149
929.4,88.4,4,149
944.7,120.6,5,149
955.2,133.8,6,149
971.2,139.3,7,149
983.3,138.0,8,149
1003.3,128.6,9,149
1043.5,124.6,10,149
1095.7,94.8,11,149
1109.0,84.4,12,149
1115.7,73.7,13,149
1128.8,68.3,14,149
1127.8,56.3,15,149
1111.7,20.1,16,149
1086.6,0.0,17,149
301.0,848.0,1,151
304.2,844.0,2,151
297.3,803.8,3,151
293.0,798.8,4,151
288.0,799.8,5,151
279.4,811.8,6,151
273.9,831.9,7,151
264.9,848.0,8,151
765.3,574.7,1,153
766.3,594.8,2,153
790.6,609.8,3,153
802.7,608.3,4,153
818.7,615.4,5,153
854.8,614.5,6,153
864.9,594.8,7,153
856.9,562.7,8,153
862.9,559.1,9,153
882.9,561.0,10,153
890.6,554.6,11,153
890.8,542.6,12,153
882.7,522.5,13,153
893.0,502.4,14,153
887.0,482.9,15,153
870.9,471.7,16,153
862.9,458.7,17,153
854.8,458.8,18,153
841.3,478.3,19,153
827.8,490.3,20,153
830.8,530.8,21,153
810.7,534.3,22,153
772.6,530.5,23,153
765.3,574.7,24,153
947.15717,442.08533,1,155
959.2,433.5,2,155
963.2,426.0,3,155
971.2,422.6,4,155
976.1,426.0,5,155
978.5,438.1,6,155
974.2,450.1,7,155
967.2,460.2,8,155
961.9,462.2,9,155
959.2,470.2,10,155
955.2,470.2,11,155
945.2,458.2,12,155
947.2,442.1,13,155
1171.9,361.7,1,157
1164.3,373.8,2,157
1167.3,393.9,3,157
1158.1,414.0,4,157
1151.8,441.4,5,157
1140.0,450.1,6,157
1126.3,470.2,7,157
1127.1,514.4,8,157
1122.3,534.5,9,157
1125.2,582.7,10,157
1107.7,641.0,11,157
1091.6,661.6,12,157
1075.6,663.6,13,157
1055.5,658.1,14,157
1049.3,627.0,15,157
1050.5,574.7,16,157
1043.5,550.4,17,157
999.3,543.0,18,157
980.3,546.6,19,157
963.2,556.6,20,157
954.5,574.7,21,157
939.1,589.8,22,157
937.1,586.8,23,157
938.7,578.7,24,157
944.1,574.7,25,157
944.1,566.7,26,157
956.7,550.6,27,157
967.7,526.5,28,157
989.6,502.4,29,157
995.3,478.1,30,157
1007.4,476.9,31,157
1011.4,472.7,32,157
1008.3,446.1,33,157
1012.4,397.9,34,157
1010.5,385.8,35,157
1007.4,380.8,36,157
991.3,374.1,37,157
979.3,379.0,38,157
951.2,400.9,39,157
931.1,402.9,40,157
927.1,407.1,41,157
917.1,389.8,42,157
931.1,362.4,43,157
950.8,337.6,44,157
961.2,317.5,45,157
971.2,314.5,46,157
999.3,314.5,47,157
1039.5,266.3,48,157
1056.5,249.2,49,157
1075.6,240.1,50,157
1078.6,233.1,51,157
1063.5,223.3,52,157
1047.5,220.8,53,157
987.3,232.1,54,157
942.7,221.0,55,157
911.0,188.2,56,157
899.0,168.5,57,157
812.4,104.5,58,157
726.4,95.1,59,157
702.3,96.5,60,157
1003.3444,663.128,1,159
1007.4,659.1,2,159
1011.4,663.1,3,159
1003.3,663.1,4,159
503.7,209.0,1,161
509.7,212.0,2,161
511.2,209.0,3,161
505.68564,204.6319,4,161
503.7,209.0,5,161
692.7,257.2,1,163
692.3,265.3,2,163
702.3,271.3,3,163
719.7,253.2,4,163
706.4,248.8,5,163
693.0,253.2,6,163
692.7,257.2,7,163
730.4,249.2,1,165
734.4,257.2,2,165
741.1,253.2,3,165
740.5,245.2,4,165
734.4481,241.13748,5,165
730.4,249.2,6,165
817.4,132.6,1,167
822.7,136.6,2,167
825.2,132.6,3,167
822.7,128.1,4,167
816.7,128.6,5,167
817.4,132.6,6,167
567.9,518.4,1,169
567.1,534.5,2,169
575.9,550.6,3,169
582.2,578.7,4,169
594.0,589.1,5,169
606.0,586.2,6,169
618.1,589.0,7,169
638.1,573.9,8,169
658.2,573.1,9,169
670.2,562.5,10,169
694.3,555.0,11,169
710.4,541.4,12,169
721.2,526.5,13,169
710.0,510.4,14,169
706.4,499.1,15,169
694.3,492.0,16,169
670.2,494.7,17,169
650.2,481.7,18,169
643.1,482.3,19,169
638.1,504.4,20,169
634.1,507.6,21,169
624.1,502.4,22,169
610.0,485.0,23,169
586.0,478.0,24,169
573.9,493.8,25,169
567.9,518.4,26,169
884.3765,0.0,1,171
903.7,24.1,2,171
906.6,44.2,3,171
915.6,52.2,4,171
922.5,72.3,5,171
940.3,88.4,6,171
947.2,102.5,7,171
955.2,105.2,8,171
959.2,111.5,9,171
967.2,112.1,10,171
991.3,108.9,11,171
1032.4,96.5,12,171
1029.4,84.4,13,171
1023.4,77.4,14,171
1011.4,77.4,15,171
1004.3,72.3,16,171
995.3,50.2,17,171
999.0,32.2,18,171
995.1,20.1,19,171
999.6,12.1,20,171
1000.1,0.0,21,171
818.7,386.8,1,173
836.8,401.9,2,173
854.8,406.6,3,173
864.1,397.9,4,173
871.6,369.7,5,173
870.4,361.7,6,173
866.9,356.7,7,173
850.8,356.7,8,173
822.7,372.8,9,173
818.7,386.8,10,173
742.7,586.8,1,175
745.5,602.8,2,175
750.5,608.9,3,175
814.7,634.4,4,175
834.8,636.6,5,175
854.8,649.1,6,175
866.9,649.6,7,175
876.1,643.0,8,175
882.7,631.0,9,175
890.6,586.8,10,175
907.4,578.7,11,175
913.4,566.7,12,175
925.4,518.4,13,175
939.1,502.9,14,175
975.3,479.8,15,175
976.8,470.2,16,175
988.2,454.1,17,175
988.1,418.0,18,175
983.3,404.2,19,175
939.5,434.0,20,175
925.1,458.2,21,175
915.1,465.5,22,175
896.0,462.2,23,175
883.6,450.1,24,175
887.2,434.0,25,175
883.4,422.0,26,175
887.1,385.8,27,175
896.0,365.7,28,175
910.5,345.6,29,175
935.1,326.2,30,175
941.0,317.5,31,175
947.7,277.3,32,175
931.1,260.0,33,175
882.9,240.5,34,175
862.9,242.1,35,175
846.8,278.5,36,175
803.7,305.4,37,175
790.6,300.4,38,175
778.6,288.7,39,175
770.6,288.4,40,175
760.5,293.4,41,175
755.5,313.5,42,175
757.5,329.6,43,175
754.3,361.7,44,175
762.5,378.2,45,175
789.0,414.0,46,175
786.4,426.0,47,175
793.1,438.1,48,175
790.6,441.4,49,175
781.6,442.1,50,175
779.1,446.1,51,175
794.4,490.3,52,175
792.1,498.4,53,175
778.6,501.5,54,175
762.5,497.1,55,175
738.5,504.4,56,175
726.4,498.0,57,175
702.3,474.6,58,175
686.3,466.5,59,175
674.2,468.7,60,175
642.1,461.8,61,175
610.0,467.6,62,175
586.0,453.5,63,175
565.1,474.2,64,175
541.806,523.97156,65,175
537.8,526.5,66,175
991.3043,639.0142,1,177
999.3,643.0,2,177
999.3,647.1,3,177
991.3,647.1,4,177
991.3,639.0,5,177
