easting,northing,density
260000,850000,0.016666668
230000,590000,0.022222223
370000,100000,0.007168459
310000,610000,0.00952381
230000,670000,0.0027100272
330000,750000,0.013100437
330000,670000,0.0026595744
360000,850000,0.008264462
590000,160000,0.0074850298
230000,80000,0.0033112583
470000,100000,0.0047393367
410000,530000,0.0018416207
360000,770000,0.01754386
240000,630000,0.0010799136
310000,530000,0.0033112583
400000,490000,0.027149322
260000,690000,0.044444446
320000,1010000,0.008196721
370000,810000,0.004032258
340000,550000,0.008905852
560000,220000,0.0025839794
510000,290000,0.0016168149
410000,290000,0.008068854
440000,550000,0.004901961
340000,390000,0.0034364262
270000,650000,0.0036079374
390000,320000,0.003533569
340000,1010000,0.0029498525
440000,390000,0.00729927
330000,1010000,0.00952381
540000,390000,0.011904762
610000,290000,0.0021881838
460000,220000,0.008064516
580000,280000,0.015555556
390000,160000,0.004672897
410000,450000,0.009090909
320000,330000,0.0068965517
290000,160000,0.008474576
490000,160000,0.007751938
510000,450000,0.004
400000,650000,0.03448276
350000,1010000,0.03076923
350000,430000,0.0040068687
450000,510000,0.0022948938
420000,170000,0.0042918455
400000,100000,0.0066225166
520000,170000,0.0065292097
350000,260000,0.021929825
350000,340000,0.005181347
450000,340000,0.0051462622
300000,100000,0.003012048
250000,190000,0.0011750881
350000,190000,0.005444646
530000,120000,0.0027149322
430000,120000,0.0043604653
480000,280000,0.0026223776
330000,210000,0.013513514
330000,120000,0.0088691795
320000,250000,0.013761468
380000,280000,0.004310345
420000,250000,0.008492569
460000,300000,0.0033204206
620000,250000,0.010498688
360000,300000,0.0037700282
500000,100000,7.54717E-4
320000,170000,0.0062695923
550000,260000,0.010695187
270000,560000,0.010752688
320000,400000,0.0032573289
340000,470000,0.019736841
370000,560000,0.015075377
520000,400000,0.005121639
530000,210000,0.0027522936
560000,300000,0.0017699115
380000,370000,0.0064267353
320000,960000,0.055555556
300000,570000,0.005181347
200000,50000,0.003821656
390000,90000,0.0058139535
390000,410000,0.005504587
560000,150000,0.009814613
490000,410000,0.007434944
360000,150000,0.010362694
460000,150000,0.0027605244
390000,240000,0.007984032
380000,600000,0.016129032
360000,70000,0.0014992504
490000,240000,0.008902078
410000,520000,0.0024509805
360000,680000,0.054054055
590000,170000,0.0018382353
390000,170000,0.004640371
590000,330000,0.002739726
310000,600000,0.010869565
300000,660000,0.003409091
490000,250000,0.0027777778
440000,540000,0.0090673575
370000,110000,0.004282655
290000,960000,0.016129032
570000,110000,0.008450705
230000,680000,0.011547344
380000,290000,0.001754386
200000,640000,0.05
400000,820000,0.014925373
450000,190000,0.004166667
370000,820000,0.002754821
620000,320000,0.0022779044
410000,280000,0.0065159067
420000,320000,0.006
440000,380000,0.008410429
490000,150000,0.0033200532
390000,330000,0.00996016
410000,460000,0.011070111
580000,290000,0.021052632
330000,1020000,0.006849315
610000,280000,0.004514673
480000,270000,0.0070921984
420000,260000,0.0025575447
480000,440000,0.007518797
370000,660000,0.00729927
400000,110000,0.003937008
580000,190000,0.0052173915
550000,270000,0.026726058
370000,490000,0.021052632
320000,180000,0.006651885
360000,80000,0.0076687117
320000,950000,0.018518519
420000,160000,0.006968641
320000,780000,0.015151516
620000,330000,0.001934236
380000,360000,0.0023557127
450000,520000,0.005357143
180000,60000,0.014344262
250000,180000,0.0056179776
620000,160000,0.0072815535
450000,350000,0.0035056968
530000,110000,0.004103967
390000,230000,0.019323671
590000,230000,0.005194805
360000,140000,0.004854369
350000,90000,0.01529052
560000,310000,0.0052539404
390000,400000,0.0041657025
280000,380000,0.0040816325
340000,460000,0.0037353255
360000,310000,0.007454739
280000,40000,0.025477707
290000,250000,0.012820513
320000,240000,0.008298756
520000,180000,0.003349198
480000,90000,0.003478261
540000,290000,0.007707129
530000,220000,0.0021459227
200000,60000,0.0073710075
560000,140000,0.006821282
270000,570000,0.010526316
480000,380000,0.00456621
510000,370000,0.012269938
210000,190000,0.033333335
290000,690000,0.0023419203
300000,670000,0.001996008
340000,610000,0.0045454544
340000,100000,0.0034129692
240000,60000,0.0020325202
390000,420000,0.003322259
510000,190000,0.0050779833
360000,160000,0.0030864198
270000,710000,0.033333335
330000,930000,0.09090909
410000,430000,0.006867112
610000,270000,0.009487666
440000,370000,0.0023847376
460000,240000,0.0053050397
200000,70000,0.020689655
360000,590000,0.01724138
390000,340000,0.0024390244
590000,180000,0.0019646366
490000,180000,0.0040677967
170000,200000,0.006451613
570000,200000,0.004091653
470000,200000,0.0016920473
320000,150000,0.015625
630000,300000,0.0016666667
420000,310000,0.0036563072
140000,730000,0.008474576
530000,140000,0.005905512
350000,410000,0.006222775
330000,730000,0.0018248175
330000,690000,0.0063091484
630000,140000,0.0059101656
500000,200000,0.0048691416
620000,150000,0.0017730496
450000,360000,0.0045045046
360000,670000,0.003003003
490000,500000,0.010452962
370000,750000,0.010830325
320000,940000,0.027777778
480000,350000,0.0015432099
270000,670000,0.0046040514
160000,20000,0.0049261083
520000,340000,0.009259259
320000,510000,0.0069444445
420000,510000,0.0063119926
620000,340000,0.0038910506
320000,850000,0.011764706
380000,350000,0.00354251
280000,180000,0.0045592706
150000,960000,0.009259259
400000,630000,0.013333334
390000,220000,0.0077200206
400000,200000,0.0022371365
350000,360000,0.002232143
510000,470000,0.0072727273
590000,300000,0.004494382
450000,170000,0.01
490000,300000,0.006060606
550000,170000,0.0066191447
580000,180000,0.001177163
360000,210000,0.004484305
320000,1000000,0.013824885
490000,220000,0.0013986015
440000,490000,0.009708738
450000,80000,0.005312085
420000,230000,0.010752688
450000,450000,0.004995837
320000,230000,0.016949153
370000,390000,0.0066155987
520000,190000,0.0044133873
510000,380000,0.003816794
250000,280000,0.004651163
430000,490000,0.009411764
430000,100000,0.0033003301
400000,550000,0.005449591
300000,120000,0.0029761905
330000,660000,0.00390625
380000,260000,0.0051282053
330000,100000,0.009202454
560000,320000,0.00311042
150000,30000,0.007989348
420000,190000,0.011574074
230000,70000,0.015957447
440000,360000,0.0011135858
560000,330000,0.0055710305
490000,170000,0.0029112082
510000,180000,0.0012703252
390000,860000,0.00795756
390000,430000,0.0147492625
360000,1020000,0.0057142857
340000,540000,0.008474576
190000,190000,0.009090909
370000,800000,0.032608695
340000,110000,0.0012804097
400000,840000,0.010989011
360000,170000,0.005232862
410000,440000,0.005010737
420000,300000,0.005221932
470000,110000,0.0041067763
310000,90000,0.0023310024
390000,350000,0.005313496
610000,260000,0.004901961
360000,860000,0.004784689
630000,150000,0.008438818
450000,370000,0.004137931
510000,460000,0.007022472
500000,210000,0.0073937154
590000,310000,0.0031347962
480000,290000,0.002570694
350000,1000000,0.0038461538
410000,500000,0.0021645022
570000,210000,0.0023809525
360000,660000,0.009615385
390000,150000,0.003164557
550000,190000,0.010956903
350000,420000,0.0014301037
320000,1020000,0.0048076925
440000,560000,0.007575758
320000,500000,0.029411765
520000,320000,0.006203474
270000,660000,0.004201681
360000,230000,0.010050251
320000,930000,0.0076923077
330000,740000,0.014084507
260000,840000,0.004895961
520000,270000,0.0011947431
530000,130000,0.00407332
380000,340000,0.00456621
620000,140000,0.012110727
380000,270000,0.0051057623
430000,110000,0.013289036
440000,1110000,0.008403362
550000,180000,0.004497751
520000,330000,0.0049261083
470000,490000,0.008264462
450000,1200000,0.003144654
450000,440000,0.004702194
420000,520000,0.007800312
300000,110000,0.006289308
530000,200000,0.0020547945
480000,360000,0.002793296
280000,190000,0.0021367522
490000,230000,0.0015267176
230000,650000,0.0046296297
400000,560000,0.0027247956
460000,310000,0.0080515295
450000,160000,0.0038986355
180000,720000,0.007936508
150000,20000,0.00862069
390000,790000,0.010380623
420000,240000,0.012269938
260000,140000,0.0067340066
160000,10000,0.05625
240000,50000,0.004958047
340000,480000,0.0026954177
450000,90000,0.0066225166
600000,300000,0.0026385225
440000,290000,0.0023547881
250000,330000,0.005376344
370000,740000,0.05263158
220000,210000,0.008064516
330000,160000,0.002722323
430000,240000,0.004237288
630000,240000,0.014492754
370000,370000,0.0017921147
440000,190000,0.0028612304
210000,50000,0.003267974
530000,160000,0.0052310373
420000,130000,0.009009009
360000,420000,0.0059010442
380000,480000,0.012820513
440000,350000,0.009963294
260000,180000,0.003875969
510000,100000,0.0044275774
510000,170000,0.0026852847
360000,260000,0.0064935065
550000,310000,0.003215434
260000,340000,0.006134969
540000,270000,0.0054054055
250000,40000,0.008333334
520000,210000,0.0038729666
600000,140000,0.0023474179
460000,340000,0.00795756
310000,960000,0.0057971017
350000,310000,0.007824726
390000,280000,0.0079794815
290000,280000,0.007246377
580000,330000,0.009708738
420000,280000,0.0038610038
610000,330000,0.005524862
550000,230000,0.005235602
160000,40000,0.0015174507
420000,440000,0.004102564
240000,120000,0.0015037594
450000,380000,0.010752688
380000,330000,0.0020408162
190000,70000,0.018918918
440000,430000,0.004519774
230000,320000,0.01923077
360000,110000,0.005597015
250000,380000,0.008695652
380000,170000,0.0056497175
560000,180000,9.624639E-4
430000,390000,0.0029171528
290000,590000,0.009345794
370000,220000,0.0124223605
460000,490000,0.008547009
400000,80000,0.017316017
600000,290000,0.0020618557
540000,120000,0.001572327
240000,580000,0.016393442
400000,530000,0.042944785
440000,1120000,0.0037037036
270000,840000,0.0039525693
290000,130000,0.008230452
410000,490000,0.006289308
300000,290000,0.0055555557
350000,860000,0.010152284
220000,680000,0.0033333334
330000,720000,0.0043290043
360000,810000,0.009090909
230000,640000,0.018823529
390000,130000,0.004854369
330000,550000,0.0028011205
230000,50000,0.022292994
590000,130000,0.009433962
350000,700000,0.008064516
130000,640000,0.0035460992
480000,410000,0.0072072074
430000,1190000,0.006024096
350000,1050000,0.039215688
380000,410000,0.00625
310000,250000,0.036363635
420000,530000,0.0049937577
340000,510000,0.03125
350000,150000,0.0027100272
610000,250000,0.005449591
290000,840000,0.019607844
300000,850000,0.011627907
480000,240000,0.0019120459
400000,380000,0.0048076925
330000,400000,0.006352087
510000,420000,0.009746589
470000,300000,0.008510638
260000,580000,0.006993007
320000,360000,0.0030007502
470000,130000,0.0014992504
520000,360000,0.006042296
360000,250000,0.0054054055
380000,570000,0.006451613
340000,360000,8.417508E-4
280000,650000,0.0058411215
420000,120000,0.017994858
220000,120000,0.0116959065
540000,280000,0.008510638
500000,310000,0.00295858
430000,250000,0.0053050397
520000,200000,0.008247423
480000,390000,0.0055555557
460000,510000,0.004255319
370000,380000,0.0060362173
480000,400000,0.0014025245
330000,150000,0.0029069767
210000,60000,0.013100437
390000,270000,0.010860484
450000,140000,0.006535948
350000,80000,0.02247191
610000,340000,0.0049751243
530000,330000,0.0053475937
650000,300000,0.0032432433
450000,390000,0.007022472
410000,180000,0.0052122115
530000,150000,0.004743083
380000,320000,0.006423983
510000,260000,0.0035906644
320000,300000,0.015267176
510000,160000,0.0026819922
560000,190000,0.003267974
330000,860000,0.006666667
450000,530000,0.006666667
590000,270000,0.0025575447
370000,770000,0.018181818
350000,710000,0.004761905
540000,130000,0.0066815144
630000,250000,0.0025062656
310000,640000,0.00877193
420000,270000,0.0062176166
360000,410000,0.0028653296
360000,100000,0.005037783
490000,200000,0.0028873917
380000,470000,0.009259259
270000,700000,0.0038461538
500000,450000,0.004016064
360000,800000,0.010638298
330000,540000,0.009708738
400000,370000,0.0035906644
570000,230000,0.0063897762
230000,630000,0.0011792453
440000,80000,0.00754717
390000,120000,0.0029239766
370000,230000,0.01038961
270000,680000,0.014492754
420000,590000,0.01058201
290000,140000,0.0018691589
340000,670000,0.004914005
400000,540000,0.005524862
160000,30000,0.0029069767
420000,430000,0.003868472
450000,290000,0.004285714
390000,660000,0.0097402595
460000,1180000,0.015503876
490000,190000,0.004091653
650000,290000,0.0025316456
250000,630000,0.0031152647
310000,110000,0.005524862
380000,420000,0.003325021
340000,200000,0.006666667
650000,310000,0.0038022813
490000,360000,0.0040883073
310000,970000,0.025641026
570000,120000,0.012658228
290000,190000,0.004761905
270000,140000,0.0032894737
470000,140000,0.004608295
340000,350000,0.0027322404
420000,540000,0.0036934442
470000,310000,0.0035587188
500000,300000,0.004702194
370000,610000,0.008130081
350000,160000,0.007658643
610000,240000,0.0050476724
510000,110000,0.003552398
290000,850000,0.0091743115
510000,270000,0.009259259
490000,340000,0.0034364262
500000,320000,0.0029498525
350000,1030000,0.010989011
420000,90000,8.6505193E-4
510000,430000,0.0043290043
300000,160000,0.0034722222
380000,310000,0.013201321
400000,240000,0.004048583
410000,190000,0.01718213
570000,270000,0.006122449
380000,150000,0.0035242292
380000,580000,0.036036037
260000,600000,0.0121951215
270000,120000,0.0022624435
340000,370000,0.0033726813
290000,180000,0.006718925
380000,80000,0.002688172
540000,100000,0.0013262599
390000,260000,0.0050675673
440000,450000,0.0027855153
560000,160000,0.009259259
330000,420000,0.005194805
370000,200000,0.006451613
480000,230000,0.0049220673
520000,380000,0.01369863
440000,1140000,0.002739726
620000,310000,0.00949367
420000,580000,0.006013746
320000,620000,0.0121951215
420000,150000,0.0030864198
450000,410000,0.0016420361
360000,830000,0.019607844
320000,310000,0.0088495575
320000,740000,0.00990099
550000,360000,0.003968254
590000,140000,0.0071530757
310000,510000,0.018867925
450000,250000,0.0072202166
310000,940000,0.027777778
320000,460000,0.013927577
440000,300000,0.0018315018
510000,150000,0.0024252224
370000,80000,0.020348838
360000,400000,0.0050203954
390000,810000,0.0047393367
370000,350000,0.003549246
330000,570000,0.025423728
630000,260000,0.00968523
480000,510000,0.0027100272
460000,360000,0.0062111802
540000,250000,0.0028368793
470000,150000,0.008805032
320000,340000,0.005484461
420000,420000,0.0050693704
430000,380000,0.0033053649
350000,600000,0.009259259
480000,260000,0.0017286085
590000,290000,0.0031545742
350000,170000,0.012441156
360000,560000,0.014814815
390000,820000,0.016806724
280000,620000,0.021276595
200000,200000,0.019704433
500000,190000,0.00433213
310000,230000,0.027586207
360000,130000,0.0045454544
310000,660000,0.0026666666
360000,90000,0.0033444816
600000,270000,0.013477089
310000,380000,0.021978023
520000,230000,0.007142857
410000,90000,0.0044275774
440000,170000,0.006557377
510000,120000,0.0056074765
300000,720000,0.0024096386
180000,50000,0.0078125
350000,450000,0.010362694
530000,170000,0.005764666
610000,230000,0.0018484289
390000,540000,0.022900764
320000,490000,0.010676157
380000,430000,0.0058662496
340000,210000,0.014423077
330000,700000,0.002
320000,190000,0.0075250836
380000,860000,0.006802721
600000,120000,0.0027855153
200000,910000,0.008928572
330000,410000,0.002739726
310000,520000,0.004950495
250000,650000,0.0012714558
390000,250000,0.030303031
270000,540000,0.012048192
370000,360000,0.006355932
560000,170000,0.0050847456
350000,470000,0.0057306592
290000,170000,0.00407332
330000,840000,0.00990099
350000,1040000,0.01724138
620000,300000,0.0012682308
440000,180000,0.00998004
180000,30000,0.0091743115
420000,290000,0.0036036037
170000,50000,0.003816794
300000,580000,0.008264462
320000,470000,0.0031914893
400000,510000,0.0033557047
370000,90000,0.014814815
250000,370000,0.001814882
380000,160000,0.0028449502
450000,400000,0.0032530904
460000,350000,0.0053475937
500000,480000,0.013333334
330000,560000,0.00456621
330000,130000,0.0037082818
630000,270000,0.0033898305
380000,590000,0.027777778
410000,320000,0.0035842294
540000,260000,0.003147954
540000,110000,0.0032786885
450000,120000,0.003921569
510000,280000,0.005952381
420000,570000,0.0030511061
370000,790000,0.00456621
230000,610000,0.002967359
530000,310000,0.005586592
190000,200000,0.0011876485
420000,140000,0.0022779044
340000,380000,0.0067814295
490000,330000,0.0072780205
320000,320000,0.004842615
260000,190000,0.0015282731
190000,210000,0.010638298
350000,180000,0.028205128
610000,220000,0.0051282053
440000,310000,0.0051107327
390000,800000,0.006007646
360000,120000,0.0026954177
450000,270000,0.002173913
400000,90000,0.00622084
380000,440000,0.0035799523
240000,140000,0.0052083335
600000,280000,0.01183432
470000,160000,0.003666361
410000,480000,0.0034722222
510000,130000,0.006756757
430000,370000,0.0023188405
480000,100000,0.004102564
390000,530000,0.006666667
260000,310000,0.0062111802
180000,40000,0.007168459
390000,100000,0.0069444445
400000,390000,0.0062972293
530000,180000,0.0058525167
570000,250000,0.008196721
310000,670000,0.0023337223
490000,490000,0.016666668
520000,220000,0.0031620553
420000,410000,0.0015527951
470000,440000,0.0027472528
340000,650000,0.016129032
220000,670000,0.0033076075
320000,640000,0.008438818
220000,640000,0.0032397409
270000,880000,0.004672897
170000,40000,0.009746589
480000,130000,0.007106599
430000,1160000,0.004237288
150000,820000,0.015151516
350000,820000,0.01369863
580000,130000,0.0041841003
420000,480000,0.0022883294
250000,660000,0.003666585
300000,500000,0.0046296297
350000,740000,0.014184397
350000,660000,0.007575758
420000,560000,0.005543237
380000,840000,0.046875
320000,560000,0.006993007
350000,110000,0.0028517111
470000,170000,0.0052470486
500000,180000,0.005166475
370000,170000,0.012861736
300000,80000,0.00857449
400000,180000,0.010152284
300000,180000,0.0063348417
380000,210000,0.0074309977
580000,210000,0.0011709601
220000,50000,0.0027173914
410000,1160000,0.015503876
450000,110000,0.0072639226
260000,40000,0.010204081
570000,170000,0.0014749262
340000,860000,0.004494382
260000,540000,0.014705882
400000,340000,0.008802817
480000,210000,0.0046260604
500000,340000,0.006633499
330000,440000,0.004576659
240000,230000,0.014705882
390000,390000,0.007849294
510000,140000,0.0076726344
410000,140000,0.0034662045
440000,150000,0.015306123
390000,560000,0.008298756
340000,400000,0.009909166
540000,150000,0.006684492
190000,560000,0.008064516
510000,210000,0.0065502184
610000,140000,0.009803922
460000,370000,0.008547009
330000,280000,0.01923077
640000,320000,0.0064935065
370000,410000,0.006329114
610000,210000,0.0053361794
430000,280000,0.005572442
540000,320000,0.009615385
530000,190000,0.0031627372
440000,400000,0.004048583
340000,150000,0.002967359
440000,320000,0.0033726813
290000,70000,0.0012722646
530000,280000,0.0028901733
440000,230000,0.0033783785
540000,230000,0.003215434
630000,280000,0.0030487804
330000,980000,0.02586207
490000,390000,0.035714287
370000,260000,0.013274336
310000,680000,8.2850043E-4
470000,260000,0.0030395137
220000,100000,0.008196721
420000,100000,0.018072288
320000,100000,0.007575758
500000,420000,0.003550296
430000,510000,0.006633499
400000,420000,0.0025261638
430000,360000,0.0038095238
330000,190000,0.006289308
300000,250000,0.02631579
460000,450000,0.006702413
330000,360000,0.002388535
280000,130000,0.0116959065
400000,250000,0.0022371365
380000,130000,0.0037037036
600000,250000,0.001345895
380000,300000,0.006134969
360000,450000,0.02
500000,250000,0.0032858707
520000,100000,0.008103727
320000,390000,0.0042643924
480000,220000,0.007490637
480000,300000,0.004524887
420000,550000,0.0061387355
420000,1170000,0.0054644807
340000,790000,0.023255814
350000,650000,0.05882353
380000,140000,0.008319467
220000,550000,0.010204081
400000,330000,0.003968254
550000,120000,0.0058651026
310000,690000,0.0017271157
350000,490000,0.0033613446
380000,670000,0.016393442
350000,830000,0.0070921984
150000,750000,0.008547009
320000,730000,0.006535948
220000,650000,0.0066006603
580000,140000,0.0028571428
310000,930000,0.015625
300000,510000,0.004878049
330000,270000,0.02739726
470000,180000,0.0053475937
500000,170000,0.002905569
360000,530000,0.00862069
580000,200000,0.0032894737
450000,100000,0.0038591414
530000,270000,0.0027322404
370000,340000,0.008086253
380000,200000,0.003508772
250000,670000,8.912656E-4
320000,570000,0.011627907
330000,430000,0.0053956835
310000,210000,0.0118811885
330000,610000,0.04
170000,30000,0.0036697248
320000,630000,0.010928961
260000,370000,0.011428571
300000,90000,0.004201681
310000,590000,0.014184397
240000,690000,0.022727273
270000,180000,0.0077220076
300000,170000,0.01923077
260000,550000,0.01
460000,380000,0.01305483
510000,220000,0.0020140987
550000,90000,0.0034843206
360000,630000,0.012903226
610000,300000,0.0045045046
370000,400000,0.0070507657
390000,550000,0.005050505
290000,640000,0.008695652
430000,290000,0.0030816642
540000,310000,0.0068846815
340000,140000,0.008219178
390000,380000,0.008228195
410000,300000,0.0012269939
330000,970000,0.025641026
440000,220000,0.003921569
360000,460000,0.006289308
340000,310000,0.005376344
290000,80000,0.0016501651
630000,290000,0.003968254
570000,160000,0.0053147995
340000,410000,0.0030487804
370000,500000,0.0076923077
360000,290000,0.004651163
340000,240000,0.018666666
280000,90000,0.00729927
410000,130000,0.002739726
330000,370000,0.0067681894
370000,160000,0.004158004
530000,370000,0.0045045046
370000,330000,0.005602241
610000,130000,0.006666667
430000,350000,0.0061124694
400000,260000,0.01063022
460000,440000,0.0027027028
430000,180000,0.0024813896
430000,520000,0.015686275
260000,610000,0.020547945
470000,420000,0.0029325513
290000,100000,0.0036363637
440000,330000,0.0045543266
600000,260000,0.011730205
410000,840000,0.003984064
470000,250000,0.0020661156
210000,670000,0.0038910506
390000,490000,0.015873017
490000,100000,0.004854369
420000,110000,0.0022675737
310000,860000,0.00625
250000,200000,0.00147929
240000,220000,0.01056338
370000,270000,0.01
440000,160000,0.0038834952
400000,430000,0.004985755
480000,120000,0.012323944
450000,200000,0.0071471115
300000,240000,0.012658228
400000,400000,0.008196721
140000,30000,0.006637168
600000,320000,0.0028169013
280000,660000,0.006451613
350000,210000,0.017001545
600000,240000,0.010471204
250000,130000,0.0010822511
580000,230000,0.010752688
420000,460000,0.0032467532
370000,190000,0.004484305
480000,150000,0.005313093
470000,190000,0.00477327
580000,310000,0.012448133
280000,230000,0.022988506
330000,500000,0.021621622
320000,380000,0.0060090134
420000,380000,0.020833334
460000,80000,0.007575758
250000,60000,0.0022421526
250000,840000,0.019736841
310000,200000,0.012261581
210000,70000,0.011235955
460000,520000,0.018567638
360000,360000,0.006119951
640000,250000,0.0037037036
450000,1140000,0.00990099
240000,680000,0.006329114
390000,620000,0.0088495575
240000,250000,0.013888889
350000,840000,0.006134969
580000,150000,0.005263158
330000,90000,0.0034965035
600000,160000,0.008474576
540000,300000,0.014869888
500000,160000,0.0030674846
330000,260000,0.004405286
430000,260000,0.0041631972
300000,520000,0.0044247787
470000,350000,0.0019157088
430000,90000,0.008474576
320000,580000,0.00952381
570000,150000,0.0045523522
470000,320000,0.0033003301
330000,380000,0.0053274836
260000,640000,0.008928572
380000,780000,0.02052786
410000,230000,0.004016064
270000,150000,0.05882353
510000,230000,0.0025
300000,190000,0.0016501651
360000,390000,0.0046811
250000,100000,0.010309278
610000,310000,0.00789177
400000,270000,0.019167218
500000,360000,0.0026737968
510000,310000,0.0025575447
370000,240000,0.009400705
310000,830000,0.010989011
380000,110000,0.00862069
540000,170000,0.0025655644
280000,110000,0.003236246
170000,860000,0.040816326
370000,600000,0.025974026
320000,660000,0.028455285
300000,270000,0.010869565
530000,340000,0.005442177
560000,280000,0.046875
320000,700000,0.0012578616
430000,340000,0.003929273
280000,690000,0.0034013605
330000,530000,0.011764706
330000,960000,0.020408163
290000,110000,0.007898894
290000,900000,0.015873017
430000,530000,0.002057613
390000,370000,0.003187251
260000,280000,0.014218009
310000,120000,0.0019305019
540000,210000,0.0049079754
490000,370000,0.006018054
630000,170000,0.018058691
440000,340000,0.0039259675
290000,90000,0.0064896755
500000,150000,0.005785124
420000,390000,0.0014947683
580000,300000,0.0049875313
600000,230000,0.0061099795
470000,280000,0.0016666667
380000,400000,0.0045526973
460000,90000,0.004405286
360000,430000,0.0015748031
380000,830000,0.0070422534
250000,50000,0.0036231885
350000,140000,0.0013586957
330000,510000,0.012903226
360000,510000,0.014705882
400000,410000,0.005159071
480000,140000,0.0046765395
430000,330000,0.004158004
450000,220000,0.00660502
460000,190000,0.004950495
580000,160000,0.003937008
470000,340000,0.0035211267
260000,30000,0.04255319
430000,270000,0.0058962265
410000,160000,0.0027472528
440000,420000,0.009803922
480000,200000,0.004746835
320000,590000,0.009345794
380000,770000,0.0053475937
360000,370000,0.0036443148
420000,1150000,0.005076142
440000,130000,0.0048387097
220000,60000,0.004149378
270000,230000,0.011173184
390000,290000,0.004712149
140000,20000,0.01618123
610000,320000,0.006521739
390000,630000,0.0061728396
370000,180000,0.001572327
340000,80000,0.025
420000,450000,0.001459854
460000,100000,0.004314064
390000,200000,0.0036764706
360000,380000,0.0051052966
530000,290000,0.0070422534
510000,300000,0.003550296
400000,280000,0.0056524943
220000,70000,0.014814815
430000,540000,0.0092783505
540000,220000,0.004680187
460000,460000,0.003690037
570000,140000,0.010230179
210000,320000,0.012048192
470000,330000,0.01904762
310000,130000,0.0025
280000,100000,0.0046838406
440000,410000,0.001572327
300000,970000,0.015625
240000,670000,0.0055991043
360000,440000,0.0043668123
330000,950000,0.012295082
280000,680000,0.0024115755
330000,520000,0.010204081
320000,370000,0.0046153846
500000,430000,0.004730928
340000,330000,0.004651163
340000,760000,0.017857144
430000,1180000,0.004950495
390000,360000,0.0056179776
240000,180000,0.012048192
260000,570000,0.013274336
520000,110000,0.003875969
320000,710000,0.004
350000,630000,0.0075329565
290000,550000,0.016129032
290000,120000,0.002096436
380000,120000,0.005263158
540000,160000,0.0040946314
350000,200000,0.0064935065
370000,310000,0.009247027
330000,180000,0.008097166
510000,240000,0.0049916804
560000,270000,0.007633588
530000,240000,0.0017241379
310000,80000,0.005076142
330000,240000,0.027027028
430000,160000,0.0046948357
540000,190000,0.0058377115
460000,420000,0.006024096
270000,370000,0.0021834061
330000,320000,0.02811245
430000,320000,0.0040241447
520000,130000,0.003071253
530000,400000,0.0023980816
620000,130000,0.00443787
630000,160000,0.0068823122
290000,520000,0.003717472
410000,100000,0.0051020407
500000,140000,0.0014662757
450000,310000,0.0022744504
600000,220000,0.0023809525
350000,230000,0.012152778
370000,290000,0.0021551724
240000,190000,0.012987013
360000,340000,0.0033783785
440000,270000,0.005800464
320000,130000,0.0014184397
390000,440000,0.003502627
420000,210000,0.0031347962
640000,270000,0.002793296
320000,990000,0.016393442
340000,190000,0.02097902
490000,90000,0.0066079297
440000,120000,0.0015128592
350000,540000,0.03539823
510000,330000,0.006369427
520000,280000,0.008720931
520000,440000,0.0054054055
310000,170000,0.0062524425
240000,80000,0.009090909
500000,220000,0.005511022
620000,280000,0.004854369
360000,180000,0.0018416207
460000,180000,0.0066225166
480000,170000,0.0011574074
350000,380000,0.0054031587
330000,390000,0.0049751243
300000,220000,0.004830918
280000,170000,0.005484461
280000,70000,0.004302926
340000,430000,0.0027137042
560000,90000,0.00862069
240000,660000,0.0043763677
410000,570000,0.0038461538
590000,200000,0.004484305
460000,110000,0.0047003524
400000,290000,0.005586592
320000,680000,0.0035842294
340000,830000,0.011363637
430000,1120000,0.012121212
200000,530000,0.025641026
560000,110000,0.0036101083
400000,460000,0.0037453184
330000,470000,0.008230452
130000,20000,0.0048076925
430000,550000,0.0066503324
470000,90000,0.0033444816
330000,640000,0.03883495
220000,80000,0.020689655
270000,40000,0.00882353
340000,750000,0.012820513
220000,610000,0.023255814
490000,130000,0.0053003533
580000,240000,0.00622084
540000,90000,0.008658009
410000,250000,0.0075329565
370000,130000,0.0033444816
290000,670000,0.020576132
340000,1050000,0.011494253
560000,260000,0.010504202
300000,680000,0.0050314465
430000,470000,0.012544803
300000,380000,0.0048250905
180000,730000,0.00591716
430000,400000,0.008178439
450000,1190000,0.0058479533
440000,510000,0.003671072
410000,420000,0.0020401224
310000,720000,0.002967359
550000,150000,0.0076754387
280000,560000,0.008810572
250000,300000,0.010752688
540000,360000,0.0028248588
450000,300000,0.004265908
400000,150000,0.007633588
430000,410000,0.0052785925
370000,280000,0.003921569
460000,170000,0.0015186028
470000,360000,0.004347826
530000,230000,0.007905139
540000,180000,0.0061903535
340000,1040000,0.0057142857
520000,290000,0.0032467532
640000,260000,0.005263158
440000,110000,0.007457627
460000,430000,0.0040650405
490000,430000,0.0025
300000,230000,0.016129032
520000,300000,0.0028011205
350000,400000,0.010428306
350000,220000,0.008333334
240000,70000,0.0077319588
330000,330000,0.0025188916
390000,610000,0.012345679
560000,250000,0.0032786885
500000,230000,0.0037128713
340000,420000,0.0056980057
470000,210000,0.007352941
360000,190000,0.0022883294
480000,160000,0.0037990713
350000,370000,0.0029985008
600000,210000,0.009111618
260000,660000,0.0076781325
270000,210000,0.0040650405
280000,80000,0.0028901733
430000,560000,0.0043117744
360000,350000,0.0025974025
440000,260000,0.002631579
510000,320000,0.0057142857
390000,450000,0.0044776117
630000,310000,0.0017793594
480000,340000,0.007633588
490000,290000,0.018348623
380000,810000,0.0023255814
340000,130000,0.007246377
170000,230000,0.04761905
290000,200000,0.010204081
520000,140000,0.0049309665
430000,310000,0.0065717413
310000,160000,0.0063211126
560000,100000,0.005966587
620000,270000,0.008097166
360000,200000,0.0050083473
500000,280000,0.0038022813
560000,200000,0.0076045627
320000,520000,0.0037037036
410000,390000,0.0116959065
380000,100000,0.0073891627
580000,100000,0.010810811
410000,560000,0.0027510317
380000,790000,0.009433962
260000,650000,0.0063434527
460000,120000,0.0035460992
200000,540000,0.011976048
430000,460000,0.0019880715
330000,650000,0.009433962
360000,740000,0.004140787
540000,200000,0.005727377
440000,500000,0.0034843206
410000,410000,0.002793296
420000,370000,0.0027777778
290000,360000,0.009433962
500000,130000,0.003327787
550000,160000,0.0030165913
280000,550000,0.0051020407
340000,180000,0.00921659
240000,650000,0.0032894737
620000,220000,0.0022573364
320000,670000,0.0056179776
410000,240000,0.005988024
430000,1110000,0.012
380000,250000,0.004221636
580000,250000,0.014981274
290000,680000,0.001610306
450000,460000,0.0032051282
320000,840000,0.0051282053
330000,480000,0.011019284
400000,860000,0.016
410000,270000,0.0022970904
490000,420000,0.014634146
280000,50000,0.0037688443
440000,530000,0.003726708
460000,160000,0.004213483
590000,340000,0.0054054055
500000,240000,0.007423905
560000,240000,0.0016233766
400000,160000,0.0022935779
310000,190000,0.0038669761
270000,200000,0.0062370063
430000,420000,0.0056926
330000,340000,0.0059435363
270000,630000,0.022727273
380000,660000,0.008333334
370000,120000,0.0023640662
490000,260000,0.005446623
440000,100000,0.0016652789
570000,190000,0.003147954
380000,230000,0.009375
550000,130000,0.0021857924
280000,580000,0.006535948
340000,450000,0.0070588235
400000,320000,0.002570694
430000,1140000,0.01604278
190000,700000,0.030303031
470000,510000,0.009049774
430000,300000,0.0032573289
440000,250000,0.0054945056
520000,150000,0.006049607
430000,140000,0.013265306
490000,140000,0.0036101083
310000,470000,0.009478673
260000,670000,0.0032520324
340000,300000,0.0071174377
270000,190000,0.007674597
340000,730000,0.002218935
270000,90000,0.006666667
350000,680000,0.013745705
380000,510000,0.041237112
460000,400000,0.0023547881
350000,250000,0.006451613
420000,620000,0.007246377
430000,570000,0.002566296
510000,200000,0.0030175014
610000,150000,0.008088979
530000,260000,0.004761905
370000,150000,0.0023584906
480000,180000,0.0058381986
330000,620000,0.021052632
580000,260000,0.0055309734
430000,450000,0.008633094
370000,580000,0.009708738
530000,380000,0.0056818184
530000,100000,0.0042321645
200000,550000,0.0036764706
410000,400000,9.3457947E-4
400000,440000,0.010337323
300000,200000,0.0036764706
300000,790000,0.021276595
390000,300000,0.014954173
460000,130000,0.00949367
590000,220000,0.005323194
470000,240000,0.01058201
340000,1000000,0.0065789474
360000,470000,0.0029498525
340000,170000,0.007121058
580000,110000,0.006451613
470000,390000,0.002994012
450000,320000,0.0054274085
620000,230000,0.004651163
240000,640000,0.0023364485
240000,340000,0.01754386
270000,600000,0.015625
330000,490000,0.002096436
370000,430000,0.0014947683
370000,860000,0.0044444446
380000,390000,0.0077277455
490000,110000,0.010452962
360000,750000,0.010638298
420000,490000,0.00243309
500000,120000,0.0021786492
410000,550000,0.0024671052
270000,60000,0.0023980816
550000,280000,0.0116054155
230000,530000,0.05
280000,570000,0.0067114094
380000,220000,0.0056818184
350000,810000,0.013986014
290000,510000,0.0061728396
460000,410000,0.0014619883
440000,520000,0.008363202
240000,620000,0.01010101
320000,120000,0.009592326
640000,280000,0.014760148
280000,60000,0.00789266
360000,330000,0.011331445
400000,310000,0.0073649753
530000,250000,0.0058708414
510000,340000,0.013333334
550000,140000,0.0037278659
430000,580000,0.002247191
430000,150000,0.0039525693
350000,390000,0.006237817
450000,1170000,0.012048192
310000,180000,0.004471772
340000,720000,0.0027777778
350000,670000,0.006756757
350000,240000,0.006756757
610000,160000,0.0035971224
430000,430000,0.0072383075
300000,640000,0.009803922
350000,100000,0.0057142857
270000,340000,0.010869565
570000,180000,0.003229974
490000,270000,0.0026954177
320000,270000,0.02259887
480000,470000,0.0040983604
340000,1020000,0.00729927
210000,210000,0.012605042
560000,230000,0.0042918455
400000,170000,0.008797654
310000,460000,0.0029850747
240000,90000,0.015384615
320000,690000,0.007976072
330000,630000,0.004115226
480000,190000,0.00538358
300000,370000,0.0025062656
250000,90000,0.007380074
350000,520000,0.009118541
310000,300000,0.0060975607
570000,310000,0.0037313432
230000,110000,0.015151516
490000,120000,0.004784689
420000,350000,0.002008032
470000,230000,0.004672897
440000,240000,0.004398827
290000,60000,0.0064267353
520000,160000,0.0028445823
620000,240000,0.0034364262
370000,420000,0.0027427317
460000,290000,0.0035885167
390000,310000,0.004210526
330000,200000,0.0061919503
470000,500000,0.0054644807
430000,1130000,0.005376344
210000,920000,0.013422819
460000,140000,0.003816794
330000,350000,0.0021261517
380000,380000,0.0022898265
290000,660000,0.008519702
410000,110000,0.0018416207
410000,540000,0.008174387
240000,200000,0.00243309
450000,1180000,0.012269938
490000,400000,0.018181818
470000,380000,0.0056818184
340000,160000,0.0114613185
270000,610000,0.006134969
320000,110000,0.006430868
240000,350000,0.012658228
400000,300000,0.0067377877
320000,540000,0.010869565
450000,330000,0.0044660983
320000,970000,0.008403362
